,0,FRO_Precentral,FRO_Premotor,FRO_Prefrontal,PAR,TEM_Superior,TEM_Inferior,TEM_Medial,TEM_Hippocampus,TEM_Amygdala,OCC_Lateral,OCC_Medial,INS_Anterior,INS_Posterior,OLF_Anterior,OLF_Piriform,CIN_Anterior,CIN_Posterior,BG_CaudoPutamen,BG_Accumbens,BG_Pallidum,THL_Thalamus,THL_Hypothalamus,SUM
STh,0.9506437768240343,0.0,0.0,0.0,0.0,0.0,0.0,0.0,0.0,0.0,0.0,0.0,0.0,0.0,0.0,0.0,0.0,0.0,0.0,0.0,0.0,0.0,0.04935622317596566,1.0
Cg2,0.39133784601838095,0.0,0.0,0.0,0.0,0.0,0.0,0.0,0.0,0.0,0.0,0.0,0.0,0.0,0.0,0.0,0.608662153981619,0.0,0.0,0.0,0.0,0.0,0.0,1.0
EP,0.9090909090909091,0.0,0.0,0.0,0.0,0.0,0.0,0.0,0.0,0.0,0.0,0.0,0.0,0.0,0.0,0.0,0.0,0.0,0.0,0.0,0.09090909090909091,0.0,0.0,1.0
Sep,0.25754226986407336,0.0,0.0,0.0,0.0,0.0,0.0,0.0,0.0,0.10642059896121119,0.0,0.0,0.0,0.0,0.04685600618852912,0.0,0.0,0.0,0.44187203005857,0.07614101005635981,0.0,0.0,0.07116808487125649,0.9999999999999999
PG,0.9915991070379508,0.0,0.0,0.0,0.0,0.0,0.0,0.0,0.0,0.0,0.0,0.0,0.0,0.0,0.0,0.0,0.0,0.008400892962049112,0.0,0.0,0.0,0.0,0.0,1.0
HTh-u,0.24011956160743939,0.0,0.0,0.0,0.0,0.0,0.0,0.0,0.0,0.005255240588430656,0.0,0.0,0.0,0.0,0.0,0.0,0.0,0.0,0.0,0.0,0.0,0.03112118311289976,0.7235040146912302,1.0
GlA,0.3545816733067729,0.0,0.0,0.23324882289025714,0.0,0.0,0.0,0.0,0.0,0.0,0.0,0.0,0.0,0.0,0.41216950380296996,0.0,0.0,0.0,0.0,0.0,0.0,0.0,0.0,1.0
Gl,0.05069063801797851,0.0,0.0,0.0029379522034641524,0.0,0.0,0.0,0.0,0.0,0.0,0.0,0.0,0.0,0.0,0.9463714097785574,0.0,0.0,0.0,0.0,0.0,0.0,0.0,0.0,1.0
OB-u,0.028541055648889015,0.0,0.0,0.004907125297797014,0.0,0.0,0.0,0.0,0.0,0.006330856041838701,0.0,0.0,0.0,0.0,0.9495524739694562,0.0011294930569397382,0.0,0.0,9.491538293611245e-06,0.009529504446785691,0.0,0.0,0.0,1.0
FrA,0.026019211859919823,0.0,0.26389834354436126,0.6516148551546782,0.0,0.0,0.0,0.0,0.0,0.0,0.0,0.0,0.05846758944104077,0.0,0.0,0.0,0.0,0.0,0.0,0.0,0.0,0.0,0.0,1.0
SMn,0.5153846153846153,0.0,0.0,0.0,0.0,0.0,0.0,0.0,0.0,0.03076923076923077,0.0,0.0,0.0,0.0,0.0,0.0,0.0,0.0,0.0,0.0,0.0,0.0,0.45384615384615384,1.0
BFR-u,0.15512863125706308,0.0,0.0,0.0,0.0,0.0,0.0,0.0,0.0,0.4708768197832879,0.0,0.0,0.0,0.0,0.06154357508475703,2.6590440736555207e-05,0.0,0.0,0.025061490394203283,0.059137140198098785,0.007697932593232733,0.0005583992554676594,0.21996942099315298,0.9999999999999999
BNST,0.2460431654676259,0.0,0.0,0.0,0.0,0.0,0.0,0.0,0.0,0.6817745803357315,0.0,0.0,0.0,0.0,0.0,0.0,0.0,0.0,0.010551558752997603,0.0,0.0,0.021342925659472423,0.04028776978417266,1.0
CA3,0.10733115372153987,0.0,0.0,0.0,8.836264027569144e-05,0.004712674148036877,0.0013843480309858325,0.0,0.8591794056139731,0.019410326647226885,0.0,0.0,0.0,0.0,0.0,0.0,0.0,0.0,0.004594857294335955,0.0,0.0,0.0032988719036258136,0.0,1.0
DG,0.16075732094249007,0.0,0.0,0.0,0.0,0.0,0.0,0.0,0.823725228427276,0.0030341383913865144,0.0,0.0,0.0,0.0,0.0,0.0,0.0,0.0,0.0,0.0,0.0,0.012205905300206321,0.00027740693864105275,1.0
CA2,0.2592516447368421,0.0,0.0,0.0,0.011924342105263159,0.04502467105263158,0.01644736842105263,0.0,0.614514802631579,0.05283717105263158,0.0,0.0,0.0,0.0,0.0,0.0,0.0,0.0,0.0,0.0,0.0,0.0,0.0,1.0
CA1,0.28071878279118573,0.0,0.0,0.0,0.003777544596012592,0.060257082896117524,0.014742917103882477,0.010545645330535152,0.5959076600209864,0.030928646379853094,0.0031217208814270725,0.0,0.0,0.0,0.0,0.0,0.0,0.0,0.0,0.0,0.0,0.0,0.0,1.0
FC,0.22763578274760382,0.0,0.0,0.0,0.0,0.0,0.0,0.0,0.7710330138445154,0.0,0.0,0.0,0.0,0.0,0.0,0.0,0.0,0.0,0.0,0.0,0.0,0.0013312034078807242,0.0,1.0
SUB,0.2893697574986129,0.0,0.0,0.0,0.0,0.0016319070465746271,0.004014491334573583,0.012174026567446719,0.6734880381213486,0.019191226867717615,6.527628186298509e-05,0.0,0.0,0.0,0.0,0.0,0.0,6.527628186298509e-05,0.0,0.0,0.0,0.0,0.0,1.0
POR,0.4102833947229948,0.0,0.0,0.0,0.0,0.051379388107945574,0.07126212132601668,0.23115086822521236,0.009396376757122453,0.0,0.14143426294820718,0.06152747500563783,0.0,0.0,0.0,0.0,0.0,0.023566112906863113,0.0,0.0,0.0,0.0,0.0,1.0
PrS,0.543168620576312,0.0,0.0,0.0,0.0,0.0,0.0,0.0,0.4510244330009861,0.0,0.0,0.0004930426207954421,0.0,0.0,0.0,0.0,0.0,0.005313903801906431,0.0,0.0,0.0,0.0,0.0,0.9999999999999999
PaS,0.48768351864365134,0.0,0.0,0.0,0.0,0.0,0.0,0.00958289821242091,0.4808034891578107,0.003317157073530315,0.008354321518520794,0.0008600036857300817,0.0,0.0,0.0,0.0,0.0,0.009398611708335893,0.0,0.0,0.0,0.0,0.0,1.0
PER35,0.34494607234895486,0.0,0.0,0.0,0.0,0.000381788679965639,0.13543953421781044,0.39362412904457383,0.0005726830199484585,0.0205211415481531,0.0,0.0,0.0,0.03350195666698482,0.0,0.07101269447360886,0.0,0.0,0.0,0.0,0.0,0.0,0.0,1.0
PER36,0.19072685318719354,0.0,0.0,0.0,0.0,0.2326218632823767,0.38729449091433515,0.05040380732621863,0.00028843380444188056,0.013916931064320738,0.0,0.0,0.0,0.1168877992500721,0.0,0.0,0.0,0.0,0.007859821171041247,0.0,0.0,0.0,0.0,1.0
MEC,0.26570029070925094,0.0,0.0,0.0,0.0,0.0,0.0,0.5407789414997412,0.18147425431085978,0.0004778782207000916,0.011429254111743857,7.964637011668193e-05,0.0,0.0,0.0,0.0,0.0,5.973477758751145e-05,0.0,0.0,0.0,0.0,0.0,1.0
LEC,0.4684595501292416,0.0,0.0,0.0,0.0,0.0,0.001026599937670718,0.41256484995141984,0.02747988047443583,0.028616473262571267,0.0,0.0,0.0,0.0,0.0,0.06185264624466076,0.0,0.0,0.0,0.0,0.0,0.0,0.0,1.0
MG-mz,0.29401993355481726,0.0,0.0,0.0,0.0,0.0,0.0,0.0,0.2691029900332226,0.0,0.0,0.0,0.0,0.0,0.0,0.0,0.0,0.0,0.0,0.0,0.0,0.4368770764119601,0.0,1.0
Au1,0.07703711276965546,0.0,0.0,0.0,0.171403741948676,0.7384214293017074,0.0,0.0006134342091810653,0.0,0.0,0.011910847561599018,0.0,0.0,0.00030671710459053266,0.0,0.0,0.0,0.0,0.00030671710459053266,0.0,0.0,0.0,0.0,1.0
Au2-d,0.04288837448559671,0.0,0.0,0.0,0.28838734567901236,0.5356224279835391,0.0,0.0,0.0,0.0,0.13310185185185186,0.0,0.0,0.0,0.0,0.0,0.0,0.0,0.0,0.0,0.0,0.0,0.0,1.0
Au2-v,0.14071606994171523,0.0,0.0,0.0,0.038941907384871584,0.6846858387241401,0.006725164926663678,0.00019214756933324793,0.0,0.0,0.0,0.0,0.0,0.11996413245372446,0.0,0.0,0.0,0.0,0.008774738999551656,0.0,0.0,0.0,0.0,1.0
RT-a,0.03773584905660377,0.0,0.0,0.0,0.0,0.0,0.0,0.0,0.0,0.0,0.0,0.0,0.0,0.0,0.0,0.0,0.0,0.0,0.0,0.0,0.0,0.9622641509433962,0.0,1.0
PIR1,0.21842055899456012,0.0,0.0,0.0015006565372350403,0.0,0.0,0.0,0.0,0.0,0.09202776214593884,0.0,0.0,0.0013881072969424123,0.0,0.0014631401238041643,0.6851997749015194,0.0,0.0,0.0,0.0,0.0,0.0,0.0,1.0
PIR2,0.07612805646584321,0.0,0.0,0.00016805310478111083,0.0,0.0,0.0,0.0,0.0,0.09091672968658096,0.0,0.0,0.0,0.0,0.01571296529703386,0.8170741954457609,0.0,0.0,0.0,0.0,0.0,0.0,0.0,1.0
PIR3,0.29508935759137017,0.0,0.0,0.0,0.0,0.0,0.0,0.0,0.0,0.08919658670101432,0.0,0.0,0.0,0.0,0.014168410883915633,0.5709225567541458,0.0,0.0,0.011334728707132508,0.01928835936242151,0.0,0.0,0.0,0.9999999999999999
NAc-c,0.07575017104877334,0.0,0.0,0.0,0.0,0.0,0.0,0.0,0.0,0.0002932264685758968,0.0,0.0,0.0,0.0,0.0,0.0,0.0,0.0,0.26918189815267324,0.6547747043299775,0.0,0.0,0.0,1.0
NAc-sh,0.0053621584815729,0.0,0.0,0.0,0.0,0.0,0.0,0.0,0.0,0.024597838113882033,0.0,0.0,0.0,0.0,0.0,0.0,0.0,0.0,0.0329389735296621,0.937101029874883,0.0,0.0,0.0,1.0
VP,0.00544188071397475,0.0,0.0,0.0,0.0,0.0,0.0,0.0,0.0,0.8408794079233783,0.0,0.0,0.0,0.0,0.002067914671310405,0.0,0.0,0.0,0.01001306051371354,0.14072703526338703,0.0,0.0,0.0008707009142359599,1.0
GPe-m,0.1659919028340081,0.0,0.0,0.0,0.0,0.0,0.0,0.0,0.0,0.06072874493927125,0.0,0.0,0.0,0.0,0.0,0.0,0.0,0.0,0.0,0.0,0.7732793522267206,0.0,0.0,1.0
CPu,0.10817241188513252,0.00036360474583237824,0.0,0.0,0.004157741224083281,7.904450996356049e-06,0.0,0.0,0.0,0.005367122226525757,0.0,0.0,0.0016836480622238383,0.0009643430215554379,0.00023713352989068143,0.0,0.0,0.0,0.8778762321062991,0.0007351139426611125,0.00043474480479958265,0.0,0.0,1.0
GPe-l,0.028420275590551183,0.0,0.0,0.0,0.0,0.0,0.0,0.0,0.0,0.023622047244094488,0.0,0.0,0.0,0.0,0.0,0.0,0.0,0.0,0.6828248031496063,0.0,0.26513287401574803,0.0,0.0,1.0
VSR-u,0.03295479848586061,0.0,0.0,0.0,0.0,0.0,0.0,0.0,0.0,0.09819639278557114,0.0,0.0,0.0,0.0,0.0,0.0,0.0,0.0,0.4419951013137386,0.42685370741482964,0.0,0.0,0.0,1.0
RT-u,0.26914938637325436,0.0,0.0,0.0,0.0,0.0,0.0,0.0,0.0,0.10537452391028354,0.0,0.0,0.0,0.0,0.0,0.0,0.0,0.0,0.005924672027084215,0.0,0.0,0.6195514176893779,0.0,1.0
PrG,0.1299513551077137,0.0,0.0,0.0,0.0,0.0,0.0,0.0,0.03822098679638638,0.0,0.0,0.0,0.0,0.0,0.0,0.0,0.0,0.0,0.0,0.0,0.0,0.8318276580959,0.0,1.0
DLG,0.07446808510638298,0.0,0.0,0.0,0.0,0.0,0.0,0.0,0.22989102231447847,0.0,0.0,0.0,0.0,0.0,0.0,0.0,0.0,0.0,0.0,0.0,0.0,0.6956408925791385,0.0,1.0
LHb,0.3934169278996865,0.0,0.0,0.0,0.0,0.0,0.0,0.0,0.18432601880877744,0.0,0.0,0.0,0.0,0.0,0.0,0.0,0.0,0.0,0.0,0.0,0.0,0.42225705329153607,0.0,1.0
MHb,0.6014828544949027,0.0,0.0,0.0,0.0,0.0,0.0,0.0,0.25023169601482853,0.0,0.0,0.0,0.0,0.0,0.0,0.0,0.0,0.0,0.0,0.0,0.0,0.14828544949026876,0.0,1.0
PIL,0.4642193308550186,0.0,0.0,0.0,0.0,0.0,0.0,0.0,0.039962825278810406,0.0,0.0,0.0,0.0,0.0,0.0,0.0,0.0,0.0,0.0,0.0,0.0,0.495817843866171,0.0,1.0
Po-t,0.38300611522368844,0.0,0.0,0.0,0.0,0.0,0.0,0.0,0.0,0.0,0.0,0.0,0.0,0.0,0.0,0.0,0.0,0.0,0.0,0.0,0.0,0.6169938847763116,0.0,1.0
PT,0.11556240369799692,0.0,0.0,0.0,0.0,0.0,0.0,0.0,0.0,0.0,0.0,0.0,0.0,0.0,0.0,0.0,0.0,0.0,0.0,0.0,0.0,0.8721109399075501,0.012326656394453005,0.9999999999999999
AD,0.12680577849117175,0.0,0.0,0.0,0.0,0.0,0.0,0.0,0.0,0.0,0.0,0.0,0.0,0.0,0.0,0.0,0.0,0.0,0.0,0.0,0.0,0.8731942215088283,0.0,1.0
AV-dm,0.0,0.0,0.0,0.0,0.0,0.0,0.0,0.0,0.0,0.0,0.0,0.0,0.0,0.0,0.0,0.0,0.0,0.0,0.0,0.0,0.0,1.0,0.0,1.0
AV-vl,0.1,0.0,0.0,0.0,0.0,0.0,0.0,0.0,0.0,0.01603053435114504,0.0,0.0,0.0,0.0,0.0,0.0,0.0,0.0,0.007633587786259542,0.0,0.0,0.8763358778625954,0.0,1.0
Rh,0.0,0.0,0.0,0.0,0.0,0.0,0.0,0.0,0.0,0.0,0.0,0.0,0.0,0.0,0.0,0.0,0.0,0.0,0.0,0.0,0.0,1.0,0.0,1.0
Xi,0.1669902912621359,0.0,0.0,0.0,0.0,0.0,0.0,0.0,0.0,0.0,0.0,0.0,0.0,0.0,0.0,0.0,0.0,0.0,0.0,0.0,0.0,0.001941747572815534,0.8310679611650486,1.0
Re,0.14505978602894903,0.0,0.0,0.0,0.0,0.0,0.0,0.0,0.0,0.0006293266205160479,0.0,0.0,0.0,0.0,0.0,0.0,0.0,0.0,0.0,0.0,0.0,0.42825676526117057,0.4260541220893644,1.0
VM,0.30647511971684366,0.0,0.0,0.0,0.0,0.0,0.0,0.0,0.0,0.0,0.0,0.0,0.0,0.0,0.0,0.0,0.0,0.0,0.0,0.0,0.0,0.6870705808869456,0.0064542993962107015,1.0
SMT,0.03483606557377049,0.0,0.0,0.0,0.0,0.0,0.0,0.0,0.0,0.0,0.0,0.0,0.0,0.0,0.0,0.0,0.0,0.0,0.0,0.0,0.0,0.9477459016393442,0.017418032786885244,1.0
Ang,0.0,0.0,0.0,0.0,0.0,0.0,0.0,0.0,0.0,0.0,0.0,0.0,0.0,0.0,0.0,0.0,0.0,0.0,0.0,0.0,0.0,1.0,0.0,1.0
VPM,0.01228859958632437,0.0,0.0,0.0,0.0,0.0,0.0,0.0,0.0,0.0,0.0,0.0,0.0,0.0,0.0,0.0,0.0,0.0,0.0,0.0,0.0,0.9877114004136757,0.0,1.0
LD-dm,0.0,0.0,0.0,0.0,0.0,0.0,0.0,0.0,0.021910604732690624,0.0,0.0,0.0,0.0,0.0,0.0,0.0,0.0,0.0,0.0,0.0,0.0,0.9780893952673094,0.0,1.0
LD-vl,0.03358644859813084,0.0,0.0,0.0,0.0,0.0,0.0,0.0,0.04380841121495327,0.0,0.0,0.0,0.0,0.0,0.0,0.0,0.0,0.0,0.0,0.0,0.0,0.9226051401869159,0.0,1.0
Po,0.0629329111418959,0.0,0.0,0.0,0.0,0.0,0.0,0.0,0.0,0.0,0.0,0.0,0.0,0.0,0.0,0.0,0.0,0.0,0.0,0.0,0.0,0.9370670888581041,0.0,1.0
VL,0.0,0.0,0.0,0.0,0.0,0.0,0.0,0.0,0.0,0.0,0.0,0.0,0.0,0.0,0.0,0.0,0.0,0.0,0.0,0.0,0.0,1.0,0.0,1.0
MD-l,0.0029311187103077674,0.0,0.0,0.0,0.0,0.0,0.0,0.0,0.0,0.0,0.0,0.0,0.0,0.0,0.0,0.0,0.0,0.0,0.0,0.0,0.0,0.9970688812896922,0.0,1.0
MD-c,0.001762114537444934,0.0,0.0,0.0,0.0,0.0,0.0,0.0,0.0,0.0,0.0,0.0,0.0,0.0,0.0,0.0,0.0,0.0,0.0,0.0,0.0,0.9982378854625551,0.0,1.0
ZI-d,0.5477996965098634,0.0,0.0,0.0,0.0,0.0,0.0,0.0,0.0,0.0,0.0,0.0,0.0,0.0,0.0,0.0,0.0,0.0,0.0,0.0,0.0,0.45220030349013657,0.0,1.0
ZI-v,0.9442906574394464,0.0,0.0,0.0,0.0,0.0,0.0,0.0,0.0,0.0,0.0,0.0,0.0,0.0,0.0,0.0,0.0,0.0,0.0,0.0,0.0,0.02629757785467128,0.029411764705882353,1.0
ZI-A13,0.47863247863247865,0.0,0.0,0.0,0.0,0.0,0.0,0.0,0.0,0.0,0.0,0.0,0.0,0.0,0.0,0.0,0.0,0.0,0.0,0.0,0.0,0.0,0.5213675213675214,1.0
MD-m,0.06204906204906205,0.0,0.0,0.0,0.0,0.0,0.0,0.0,0.0,0.0,0.0,0.0,0.0,0.0,0.0,0.0,0.0,0.0,0.0,0.0,0.0,0.937950937950938,0.0,1.0
PV,0.5269792127377266,0.0,0.0,0.0,0.0,0.0,0.0,0.0,0.0,0.0,0.0,0.0,0.0,0.0,0.0,0.0,0.0,0.0,0.0,0.0,0.0,0.46329057938965057,0.009730207872622734,0.9999999999999999
PCN,0.011302475780409042,0.0,0.0,0.0,0.0,0.0,0.0,0.0,0.0,0.0,0.0,0.0,0.0,0.0,0.0,0.0,0.0,0.0,0.0,0.0,0.0,0.988697524219591,0.0,1.0
CM,0.5721925133689839,0.0,0.0,0.0,0.0,0.0,0.0,0.0,0.0,0.0,0.0,0.0,0.0,0.0,0.0,0.0,0.0,0.0,0.0,0.0,0.0,0.42780748663101603,0.0,1.0
CL,0.32695252679938747,0.0,0.0,0.0,0.0,0.0,0.0,0.0,0.002297090352220521,0.0,0.0,0.0,0.0,0.0,0.0,0.0,0.0,0.0,0.0,0.0,0.0,0.6707503828483921,0.0,1.0
AM,0.03430749682337993,0.0,0.0,0.0,0.0,0.0,0.0,0.0,0.0,0.00042354934349851756,0.0,0.0,0.0,0.0,0.0,0.0,0.0,0.0,0.0,0.0,0.0,0.9652689538331216,0.0,1.0
IAM,0.0,0.0,0.0,0.0,0.0,0.0,0.0,0.0,0.0,0.0,0.0,0.0,0.0,0.0,0.0,0.0,0.0,0.0,0.0,0.0,0.0,1.0,0.0,1.0
ZI-r,0.8491171749598716,0.0,0.0,0.0,0.0,0.0,0.0,0.0,0.0,0.0,0.0,0.0,0.0,0.0,0.0,0.0,0.0,0.0,0.0,0.0,0.0,0.1492776886035313,0.0016051364365971107,1.0
IMD,0.0,0.0,0.0,0.0,0.0,0.0,0.0,0.0,0.0,0.0,0.0,0.0,0.0,0.0,0.0,0.0,0.0,0.0,0.0,0.0,0.0,1.0,0.0,1.0
VP-pc,0.12181303116147309,0.0,0.0,0.0,0.0,0.0,0.0,0.0,0.0,0.0,0.0,0.0,0.0,0.0,0.0,0.0,0.0,0.0,0.0,0.0,0.0,0.8781869688385269,0.0,1.0
PF,0.9404069320035706,0.0,0.0,0.0,0.0,0.0,0.0,0.0,0.0,0.0,0.0,0.0,0.0,0.0,0.0,0.0,0.0,0.0,0.0,0.0,0.0,0.05959306799642934,0.0,1.0
RRe,0.631858407079646,0.0,0.0,0.0,0.0,0.0,0.0,0.0,0.0,0.0,0.0,0.0,0.0,0.0,0.0,0.0,0.0,0.0,0.0,0.0,0.0,0.368141592920354,0.0,1.0
IGL,0.1326530612244898,0.0,0.0,0.0,0.0,0.0,0.0,0.0,0.025510204081632654,0.0,0.0,0.0,0.0,0.0,0.0,0.0,0.0,0.0,0.0,0.0,0.0,0.8418367346938775,0.0,1.0
SPF,0.1800878477306003,0.0,0.0,0.0,0.0,0.0,0.0,0.0,0.0,0.0,0.0,0.0,0.0,0.0,0.0,0.0,0.0,0.0,0.0,0.0,0.0,0.8199121522693997,0.0,1.0
FoF,0.7162790697674418,0.0,0.0,0.0,0.0,0.0,0.0,0.0,0.0,0.0,0.0,0.0,0.0,0.0,0.0,0.0,0.0,0.0,0.0,0.0,0.0,0.2682170542635659,0.015503875968992248,1.0
SubG,0.4497354497354497,0.0,0.0,0.0,0.0,0.0,0.0,0.0,0.0,0.0,0.0,0.0,0.0,0.0,0.0,0.0,0.0,0.0,0.0,0.0,0.0,0.5502645502645502,0.0,1.0
Eth,0.57847533632287,0.0,0.0,0.0,0.0,0.0,0.0,0.0,0.0,0.0,0.0,0.0,0.0,0.0,0.0,0.0,0.0,0.0,0.0,0.0,0.0,0.42152466367713004,0.0,1.0
LP-l,0.12090680100755667,0.0,0.0,0.0,0.0,0.0,0.0,0.0,0.05877413937867338,0.0,0.0,0.0,0.0,0.0,0.0,0.0,0.0,0.0,0.0,0.0,0.0,0.8203190596137699,0.0,1.0
ZI-A11,0.9242053789731052,0.0,0.0,0.0,0.0,0.0,0.0,0.0,0.0,0.0,0.0,0.0,0.0,0.0,0.0,0.0,0.0,0.0,0.0,0.0,0.0,0.0,0.07579462102689487,1.0
LP-mr,0.19000643362642075,0.0,0.0,0.0,0.0,0.0,0.0,0.0,0.04010293802273215,0.0,0.0,0.0,0.0,0.0,0.0,0.0,0.0,0.0,0.0,0.0,0.0,0.7698906283508471,0.0,1.0
LP-mc,0.46793697325027483,0.0,0.0,0.0,0.0,0.0,0.0,0.0,0.12788567240747525,0.0,0.0,0.0,0.0,0.0,0.0,0.0,0.0,0.0,0.0,0.0,0.0,0.4041773543422499,0.0,1.0
ZI-c,0.849799732977303,0.0,0.0,0.0,0.0,0.0,0.0,0.0,0.0,0.0,0.0,0.0,0.0,0.0,0.0,0.0,0.0,0.0,0.0,0.0,0.0,0.15020026702269693,0.0,1.0
VA,0.0,0.0,0.0,0.0,0.0,0.0,0.0,0.0,0.0,0.0,0.0,0.0,0.0,0.0,0.0,0.0,0.0,0.0,0.0,0.0,0.0,1.0,0.0,1.0
VPL,0.006385950908002395,0.0,0.0,0.0,0.0,0.0,0.0,0.0,0.0,0.0,0.0,0.0,0.0,0.0,0.0,0.0,0.0,0.0,0.0,0.0,0.0,0.9936140490919976,0.0,1.0
MG-d,0.009482129832239242,0.0,0.0,0.0,0.0,0.0,0.0,0.0,0.18088986141502553,0.0,0.0,0.0,0.0,0.0,0.0,0.0,0.0,0.0,0.0,0.0,0.0,0.8096280087527352,0.0,1.0
MG-m,0.24295774647887325,0.0,0.0,0.0,0.0,0.0,0.0,0.0,0.0017605633802816902,0.0,0.0,0.0,0.0,0.0,0.0,0.0,0.0,0.0,0.0,0.0,0.0,0.7552816901408451,0.0,1.0
MG-v,0.0014992503748125937,0.0,0.0,0.0,0.0,0.0,0.0,0.0,0.07721139430284858,0.0,0.0,0.0,0.0,0.0,0.0,0.0,0.0,0.0,0.0,0.0,0.0,0.9212893553223388,0.0,1.0
MG-sg,0.30372250423011843,0.0,0.0,0.0,0.0,0.0,0.0,0.0,0.009306260575296108,0.0,0.0,0.0,0.0,0.0,0.0,0.0,0.0,0.0,0.0,0.0,0.0,0.6869712351945855,0.0,1.0
VLO,0.10668597634564325,0.0,0.0004827419744146754,0.8712285783248853,0.0,0.0,0.0,0.0,0.0,0.0,0.0,0.0,0.0018102824040550326,0.0,0.0027757663528843834,0.0027757663528843834,0.0,0.0,0.0003620564808110065,0.013878831764421916,0.0,0.0,0.0,1.0
LO,0.07946941434239356,0.0,5.921714928643335e-05,0.6131343637117309,0.0,0.0,0.0,0.0,0.0,0.0,0.0,0.0,0.23556581986143188,0.0,0.0001184342985728667,0.06004618937644342,0.0,0.0,0.006277017824361935,0.005329543435779001,0.0,0.0,0.0,1.0
VO,0.27771784729713533,0.0,0.0,0.5573534699748292,0.0,0.0,0.0,0.0,0.0,0.0,0.0,0.0,0.0,0.0,0.10367973151144672,0.0,0.0,0.0,0.001438331535418914,0.059810619681169845,0.0,0.0,0.0,1.0
MO,0.20157946692991116,0.0,0.0,0.7816386969397828,0.0,0.0,0.0,0.0,0.0,0.0,0.0,0.0,0.0,0.0,0.01678183613030602,0.0,0.0,0.0,0.0,0.0,0.0,0.0,0.0,1.0
DLO,0.04896259038038353,0.03803835271927067,0.011002829298962591,0.0436183590066017,0.0,0.0,0.0,0.0,0.0,0.0,0.0,0.0,0.8577491354919836,0.0,0.0,0.0006287331027978623,0.0,0.0,0.0,0.0,0.0,0.0,0.0,1.0
PrL,0.2896312894683235,0.0,0.0,0.6220818904053779,0.0,0.0,0.0,0.0,0.0,0.0,0.0,0.0,0.0,0.0,0.0,0.0,0.08800162965980851,0.0,0.0002851904664901202,0.0,0.0,0.0,0.0,1.0
M2,0.015567506368525332,0.07120011321822814,0.6679733937163883,0.15575997735635438,0.003014435324087178,0.0,0.0,0.0,0.0,0.0,0.0,0.0,0.0071044438154542885,0.0,0.0,0.0,0.06427964902349279,0.015100481177469573,0.0,0.0,0.0,0.0,0.0,1.0
Ma,0.13382492516609476,0.7542527560779733,0.0246769365554501,0.0,0.005110608162371322,0.0,0.0,0.0,0.0,0.0,0.0,0.0,0.07439585310651968,0.006716799299116595,0.0,0.0,0.0,0.0,0.0010221216324742643,0.0,0.0,0.0,0.0,1.0
M1,0.14038945837619268,0.6333132337814351,0.1685524775653531,0.0005143120632781187,0.04944489766963431,0.0,0.0,0.0,0.0,0.0,0.0,0.0,0.0026424999113255064,0.0,0.0,0.0,0.0004079026708757493,0.004735217961905437,0.0,0.0,0.0,0.0,0.0,1.0
AI-v,0.33105192679660767,0.0,0.0,0.008480880821306352,0.0,0.0,0.0,0.0,0.0,0.0,0.0,0.0,0.37568814164558845,0.0,0.0,0.28477905073649756,0.0,0.0,0.0,0.0,0.0,0.0,0.0,1.0
AI-d,0.16805074971164938,0.0011534025374855825,0.0,0.00011534025374855825,0.0,0.0,0.0,0.0,0.0,0.0,0.0,0.0,0.6836216839677047,0.0034602076124567475,0.0,0.14359861591695502,0.0,0.0,0.0,0.0,0.0,0.0,0.0,1.0
Cg1,0.05955732453159887,0.0,0.08834093777303174,0.1276575089797107,0.0,0.0,0.0,0.0,0.0,0.0,0.0,0.0,0.0,0.0,0.0,0.0,0.7244442287156587,0.0,0.0,0.0,0.0,0.0,0.0,1.0
CLA,0.5929809988578548,0.0,0.0,0.02876129166234036,0.0,0.0,0.0,0.0,0.0,0.0004153255113695359,0.0,0.0,0.026269338594123143,0.0006229882670543038,0.0,0.0,0.0,0.0,0.34139757034575846,0.009552486761499324,0.0,0.0,0.0,1.0
IL,0.652600245140956,0.0,0.0,0.0,0.0,0.0,0.0,0.0,0.0,0.0,0.0,0.0,0.0,0.0,0.3218350551567151,0.0,0.0,0.0,0.019961477849763615,0.005603221852565225,0.0,0.0,0.0,1.0
DI,0.2946669799130741,0.0,0.0,0.0,0.0,0.0,0.0,0.0,0.0,0.0,0.0,0.0,0.36990485140373547,0.2816868319041466,0.0,0.037413367790438155,0.0,0.0,0.01632796898860566,0.0,0.0,0.0,0.0,1.0
GI,0.19889641334336594,0.0,0.0,0.0,0.00012540757461750688,0.0,0.0,0.0,0.0,0.0,0.0,0.0,0.30956859794331576,0.4190494105843993,0.0,0.0,0.0,0.0,0.07236017055430148,0.0,0.0,0.0,0.0,0.9999999999999999
S1-fl,0.1273008415355794,0.251984893990306,0.0,0.0,0.6204763745576735,0.0,0.0,0.0,0.0,0.0,0.0,0.0,0.0,0.0,0.0,0.0,0.0,0.0,0.00023788991644116685,0.0,0.0,0.0,0.0,1.0
S1-dz,0.1444598980064905,0.018358831710709317,0.0,0.0,0.8371812702828002,0.0,0.0,0.0,0.0,0.0,0.0,0.0,0.0,0.0,0.0,0.0,0.0,0.0,0.0,0.0,0.0,0.0,0.0,1.0
S1-f,0.06760615612831448,0.12341924717226034,0.0,0.0,0.6669015390320786,0.0,0.0,0.0,0.0,0.0,0.0,0.0,0.06076395327276099,0.08086408307064713,0.0,0.0,0.0,0.0,0.0004450213239384387,0.0,0.0,0.0,0.0,0.9999999999999999
S2,0.07441980766065508,0.0,0.0,0.0,0.7306308636459827,0.0,0.0,0.0,0.0,0.0,0.0,0.0,0.008864539490700464,0.159538197465259,0.0,0.0,0.0,0.0,0.026546591737402713,0.0,0.0,0.0,0.0,0.9999999999999999
S1-hl,0.16881636570880076,0.1831543583898254,0.0,0.0,0.6480292759013738,0.0,0.0,0.0,0.0,0.0,0.0,0.0,0.0,0.0,0.0,0.0,0.0,0.0,0.0,0.0,0.0,0.0,0.0,1.0
AI-p,0.5016637980493402,0.0,0.0,0.0,0.0,0.0,0.0,0.0,0.0,0.002294893861158921,0.0,0.0,0.0,0.07917383820998279,0.0,0.38416523235800343,0.0,0.0,0.03270223752151463,0.0,0.0,0.0,0.0,1.0
S1-bf,0.08108568750266308,0.0,0.0,0.0,0.9189143124973369,0.0,0.0,0.0,0.0,0.0,0.0,0.0,0.0,0.0,0.0,0.0,0.0,0.0,0.0,0.0,0.0,0.0,0.0,1.0
RSD,0.4685927147609975,8.530724827252822e-05,0.014729718201723207,0.0,0.0,0.0,0.0,0.0,0.0017345807148747405,0.0,0.0001137429976967043,0.0026445246964483748,0.0,0.0,0.0,0.0,0.026388375465635397,0.4857110359143515,0.0,0.0,0.0,0.0,0.0,1.0
S1-tr,0.08761329305135952,0.0,0.0,0.0,0.911992644161303,0.0003940627873374491,0.0,0.0,0.0,0.0,0.0,0.0,0.0,0.0,0.0,0.0,0.0,0.0,0.0,0.0,0.0,0.0,0.0,1.0
RSG,0.43129989854880685,0.0,0.0,0.0,0.0,0.0,0.0,0.0,0.020753385382206342,0.0,0.0,0.005778307088350756,0.0,0.0,0.0,0.0,0.02046667548850955,0.5217017334921265,0.0,0.0,0.0,0.0,0.0,1.0
lPPC,0.06708646161298135,0.0,0.0,0.0,0.8917413417292323,0.0,0.0,0.0,0.0,0.0,0.0021797045289416324,0.03899249212884476,0.0,0.0,0.0,0.0,0.0,0.0,0.0,0.0,0.0,0.0,0.0,1.0
mPPC,0.10880829015544041,0.0,0.0,0.0,0.6854922279792746,0.0,0.0,0.0,0.0,0.0,0.0,0.20569948186528497,0.0,0.0,0.0,0.0,0.0,0.0,0.0,0.0,0.0,0.0,0.0,1.0
PtP,0.018970189701897018,0.0,0.0,0.0,0.9386372435152923,0.042392566782810684,0.0,0.0,0.0,0.0,0.0,0.0,0.0,0.0,0.0,0.0,0.0,0.0,0.0,0.0,0.0,0.0,0.0,1.0
V1,0.15322624856093417,0.0,0.0,0.0,0.03943497249785282,0.0,0.0,0.0,0.0,0.0,0.16514080002923817,0.6157008935913602,0.0,0.0,0.0,0.0,0.0,0.026497085320614733,0.0,0.0,0.0,0.0,0.0,1.0
V2L,0.05657339551410171,0.0,0.0,0.0,0.10137685987119698,0.058072396180324226,0.0,0.0005551854319342661,0.0,0.0,0.6755496335776149,0.10787252942482789,0.0,0.0,0.0,0.0,0.0,0.0,0.0,0.0,0.0,0.0,0.0,0.9999999999999999
TeA,0.1530843951053362,0.0,0.0,0.0,0.0,0.5576510659770405,0.0019553425003153778,0.22177368487447963,0.0,0.0,0.06553551154282831,0.0,0.0,0.0,0.0,0.0,0.0,0.0,0.0,0.0,0.0,0.0,0.0,1.0
V2M,0.1301982871691999,0.0,0.0,0.0,0.03336933878558753,0.0,0.0,0.0,0.0,0.0,0.0017745544325283543,0.5400817838129774,0.0,0.0,0.0,0.0,0.0,0.2945760357997068,0.0,0.0,0.0,0.0,0.0,1.0
Endo,0.5630463889107663,0.0,0.0,0.0,0.0,0.0,0.0,0.0,0.0,0.08970622981806727,0.0,0.0,0.0,0.0,0.019847208001890212,0.011498779239190359,0.0,0.0,0.2557296999291171,0.06017169410096873,0.0,0.0,0.0,1.0
Am-u,0.13683645978846537,0.0,0.0,0.0,0.0,0.0,0.0,0.00013719816403911394,0.000997804829375374,0.794389842346837,0.0,0.0,0.0,3.741768110157653e-05,0.0,0.04048593095190581,0.0,0.0,0.026616443823588107,0.0,0.0002619237677110357,0.0,0.00023697864697665136,1.0
NLOT,0.18047079337401917,0.0,0.0,0.0,0.0,0.0,0.0,0.0,0.0,0.8195292066259808,0.0,0.0,0.0,0.0,0.0,0.0,0.0,0.0,0.0,0.0,0.0,0.0,0.0,1.0
AOA-u,0.10965333936549228,0.0,0.0,0.02216818413165187,0.0,0.0,0.0,0.0,0.0,0.0,0.0,0.0,5.6551490131764975e-05,0.0,0.8583385172199287,0.00978340779279534,0.0,0.0,0.0,0.0,0.0,0.0,0.0,0.9999999999999999
