,0,ACA__Anterior_Cingulate_Area_left,AI__Agranular_Insular_Area_left,AUD__Auditory_Areas_left,ECT__Ectorhinal_Area_left,GU__Gustatory_Areas_left,ILA__Infralimbic_Area_left,MO__Somatomotor_Areas_left,ORB__Orbital_Area_left,PERI__Perirhinal_Area_left,PL__Prelimbic_Area_left,PTLp__Posterior_Parietal_Association_Areas_left,RSP__Retrosplenial_Area_left,SS__Somatosensory_Areas_left,TEa__Temporal_Association_Areas_left,VIS__Visual_Areas_left,VISC__Visceral_Area_left,Isocortex__Isocortex_Uncharted_left,AA__Amygdalar_Area_left,COA__Cortical_Amygdalar_Area_left,PIR__Piriform_Area_left,TT__Tenia_Tecta_left,OLF__Olfactory_Areas_Uncharted_left,BLA__Basolateral_Amygdala_left,CLA__Claustrum_left,ENT__Entorhinal_Area_left,PAR__Parasubiculum_left,POST__Postsubiculum_left,PRE__Presubiculum_left,HPF__Hippocampal_Formation_Uncharted_left,ZI__Zona_Incerta_Uncharted_left,FF__Fields_of_Forel_left,PH__Posterior_Hypothalamic_Nucleus_left,POA__Preoptic_Areas_Uncharted_left,STN__Subthalamic_Nucleus_left,HY__Hypothalamus_Uncharted_left,LSX__Lateral_Septal_Complex_left,PALd__Pallidum_Dorsal_Region_left,STR__Striatum_left,ACB__Nucleus_Accumbens_left,BST__Bed_Nuclei_of_Stria_Terminalis_left,PALv__Pallidum_Ventral_Region_left,VPM__Ventral_Posteromedial_Nucleus_of_the_Thalamus_left,VPL__Ventral_Posterolateral_Nucleus_of_the_Thalamus_left,LD__Lateral_Dorsal_Nucleus_of_the_Thalamus_Uncharted_left,LDVL__Lateral_Dorsal_Nucleus_of_the_Thalamus_Ventrolateral_Part_left,LP__Lateral_Posterior_Nucleus_of_the_Thalamus_left,ATN__Anterior_Group_of_the_Dorsal_Thalamus_left,MG__Medial_Geniculate_Complex_left,LGd__Dorsal_Part_of_the_Lateral_Geniculate_Complex_left,RT__Reticular_Nucleus_of_the_Thalamus_left,PrG__Pregeniculate_Nucleus_left,MD__Mediodorsal_Thalamic_Nucleus_left,TH__Thalamus_Uncharted_left,FRP__Frontal_Pole_Cerebral_Cortex_left,SUM
STh,0.14163090128755365,0.0,0.0,0.0,0.0,0.0,0.0,0.0,0.0,0.0,0.0,0.0,0.0,0.0,0.0,0.0,0.0,0.0,0.0,0.0,0.0,0.0,0.0,0.0,0.0,0.0,0.0,0.0,0.0,0.0,0.12017167381974249,0.0,0.0,0.0,0.2918454935622318,0.23390557939914164,0.0,0.0,0.0,0.0,0.0,0.0,0.0,0.0,0.0,0.0,0.0,0.0,0.0,0.0,0.0,0.0,0.0,0.21244635193133046,0.0,1.0
Cg2,0.39353915579769966,0.5335424577623686,0.0,0.0,0.0,0.0,0.07176269880578945,0.0011556876341423147,0.0,0.0,0.0,0.0,0.0,0.0,0.0,0.0,0.0,0.0,0.0,0.0,0.0,0.0,0.0,0.0,0.0,0.0,0.0,0.0,0.0,0.0,0.0,0.0,0.0,0.0,0.0,0.0,0.0,0.0,0.0,0.0,0.0,0.0,0.0,0.0,0.0,0.0,0.0,0.0,0.0,0.0,0.0,0.0,0.0,0.0,0.0,1.0
EP,0.9090909090909091,0.0,0.0,0.0,0.0,0.0,0.0,0.0,0.0,0.0,0.0,0.0,0.0,0.0,0.0,0.0,0.0,0.0,0.09090909090909091,0.0,0.0,0.0,0.0,0.0,0.0,0.0,0.0,0.0,0.0,0.0,0.0,0.0,0.0,0.0,0.0,0.0,0.0,0.0,0.0,0.0,0.0,0.0,0.0,0.0,0.0,0.0,0.0,0.0,0.0,0.0,0.0,0.0,0.0,0.0,0.0,1.0
Sep,0.2430655321029948,0.0,0.0,0.0,0.0,0.0,0.0,0.0,0.0,0.0,0.0,0.0,0.0,0.0,0.0,0.0,0.0,0.0,0.0,0.0,0.0,0.0,0.0,0.0,0.0,0.0,0.0,0.0,0.0,0.0,0.0,0.0,0.0,0.0,0.0,0.0,0.6870924964084429,0.0,0.062493093159465135,0.0015471322798099238,0.00558072715217151,0.0,0.0,0.0,0.0,0.0,0.0,0.0,0.0,0.0,0.0,0.0,0.0,0.00022101889711570338,0.0,1.0
PG,0.9735048760427681,0.0,0.0,0.0,0.0,0.0,0.0,0.0,0.0,0.0,0.0,0.0,0.026495123957231817,0.0,0.0,0.0,0.0,0.0,0.0,0.0,0.0,0.0,0.0,0.0,0.0,0.0,0.0,0.0,0.0,0.0,0.0,0.0,0.0,0.0,0.0,0.0,0.0,0.0,0.0,0.0,0.0,0.0,0.0,0.0,0.0,0.0,0.0,0.0,0.0,0.0,0.0,0.0,0.0,0.0,0.0,1.0
HTh-u,0.20598980209818898,0.0,0.0,0.0,0.0,0.0,0.0,0.0,0.0,0.0,0.0,0.0,0.0,0.0,0.0,0.0,0.0,0.0,0.0,0.0,0.0,0.0,0.0,0.0,0.0,0.0,0.0,0.0,0.0,0.0,0.0028132142926915035,0.009592279289663391,0.017758415222615117,0.005450602692089789,0.0,0.6976185359563952,0.0,0.0,0.0,0.0,0.0,0.0,0.0,0.0,0.0,0.0,0.0,0.0,0.0,0.0,0.0,0.0,0.0,0.06077715044835603,0.0,1.0
GlA,0.06700470843897138,0.0,0.0,0.0,0.0,0.0,0.0,0.002897500905469033,0.33792104310032595,0.0,0.0,0.0,0.0,0.0,0.0,0.0,0.0,0.0,0.0,0.0,0.0,0.0,0.32415791379934805,0.0,0.0,0.0,0.0,0.0,0.0,0.0,0.0,0.0,0.0,0.0,0.0,0.0,0.0,0.0,0.0,0.0,0.0,0.0,0.0,0.0,0.0,0.0,0.0,0.0,0.0,0.0,0.0,0.0,0.0,0.0,0.26801883375588553,1.0
Gl,0.05367244025433019,0.0,0.0,0.0,0.0,0.0,0.0,0.0,0.00035080026310019735,0.0,0.0,0.0,0.0,0.0,0.0,0.0,0.0,0.00021925016443762334,0.0,0.0,0.0,0.0,0.9433457575093182,0.0,0.0,0.0,0.0,0.0,0.0,0.0,0.0,0.0,0.0,0.0,0.0,0.0,0.0,0.0,0.0,0.0,0.0,0.0,0.0,0.0,0.0,0.0,0.0,0.0,0.0,0.0,0.0,0.0,0.0,0.0,0.0024117518088138568,1.0
OB-u,0.023833252655257837,0.0,0.0,0.0,0.0,0.0,0.0,0.0,0.003863056085499777,0.0,0.0,0.0,0.0,0.0,0.0,0.0,0.0,0.00228746072876031,0.0,0.0,0.0028474614880833735,0.009614928291428192,0.951071120096434,0.0,0.0,0.0,0.0,0.0,0.0,0.0,0.0,0.0,0.0,0.0,0.0,0.0,0.00013288153611055743,0.0,0.0,0.0035688183983978283,0.0,0.0,0.0,0.0,0.0,0.0,0.0,0.0,0.0,0.0,0.0,0.0,0.0,0.0,0.002781020720028095,1.0
FrA,0.000756372437788367,0.014673625293094319,0.03986082747144694,0.0,0.0,0.0,0.0,0.5511685954163831,0.23341653430149006,0.0,0.13637395053324256,0.0,0.0,0.0,0.0,0.0,0.0,0.0005294607064518569,0.0,0.0,0.0,0.0,0.0001512744875576734,0.0,0.0,0.0,0.0,0.0,0.0,0.0,0.0,0.0,0.0,0.0,0.0,0.0,0.0,0.0,0.0,0.0,0.0,0.0,0.0,0.0,0.0,0.0,0.0,0.0,0.0,0.0,0.0,0.0,0.0,0.0,0.023069359352545192,1.0000000000000002
SMn,0.45384615384615384,0.0,0.0,0.0,0.0,0.0,0.0,0.0,0.0,0.0,0.0,0.0,0.0,0.0,0.0,0.0,0.0,0.0,0.038461538461538464,0.0,0.0,0.0,0.0,0.0,0.0,0.0,0.0,0.0,0.0,0.0,0.0,0.0,0.0,0.0,0.0,0.49230769230769234,0.0,0.0,0.0,0.0,0.0,0.0,0.0,0.0,0.0,0.0,0.0,0.0,0.0,0.0,0.0,0.0,0.0,0.015384615384615385,0.0,1.0
BFR-u,0.1636774579538656,0.0,0.0,0.0,0.0,0.0,0.0,0.0,0.0,0.0,0.0,0.0,0.0,0.0,0.0,0.0,0.0,0.016020740543774514,0.08119391078907133,0.0,0.007445323406235459,0.019065346008110086,0.28817390148241706,0.0,0.0,0.0,0.0,0.0,0.0,0.0,0.005996144386093199,0.00039885661104832815,0.0,0.03068536860998471,3.988566110483281e-05,0.21652595891776907,0.05930997806288639,0.0003190852888386625,0.012231602738815395,0.019676926145050854,0.02530080436083228,0.04745064149438277,0.0,0.0,0.0,0.0,0.0,2.6590440736555207e-05,0.0,0.0,0.00039885661104832815,0.0,0.0,0.006062620487934587,0.0,1.0
BNST,0.22685851318944844,0.0,0.0,0.0,0.0,0.0,0.0,0.0,0.0,0.0,0.0,0.0,0.0,0.0,0.0,0.0,0.0,0.0,0.0,0.0,0.0,0.0,0.0,0.0,0.0,0.0,0.0,0.0,0.0,0.0,0.0,0.0,0.0,0.027817745803357313,0.0,0.05371702637889688,0.011990407673860911,0.00023980815347721823,0.003357314148681055,0.0,0.5079136690647482,0.0,0.0,0.0,0.0,0.0,0.0,0.005515587529976019,0.0,0.0,0.015827338129496403,0.0,0.0,0.14676258992805755,0.0,1.0
CA3,0.10199994109157315,0.0,0.0,0.0002650879208270743,0.007186828075756237,0.0,0.0,0.0,0.0,0.0010014432564578364,0.0,0.0,0.0,0.0,0.0018261612323642897,0.0,0.0,0.0,0.010043886778003594,0.0,0.0,0.0,0.0,0.0,0.0,0.0,0.0,0.0,0.0,0.8663073252628789,0.0013254396041353716,0.0,0.0,0.0,0.0,0.0,0.0,0.00023563370740184382,0.005773025831345174,0.0,0.0,0.0,0.0,0.0,0.0,0.00011781685370092191,0.0,0.0,0.0,0.0,0.0,0.000854172189331684,0.0,0.00306323819622397,0.0,1.0000000000000002
DG,0.15890216204032803,0.0,0.0,0.0,0.0,0.0,0.0,0.0,0.0,0.0,0.0,0.0,0.0,0.0,0.0,0.0,0.0,0.000173379336650658,0.0039010350746398045,0.0,0.0,0.0,0.0,0.0,0.0,0.0,0.0,0.0,0.00036409660696638173,0.8173448688385319,0.0,0.0,0.0,0.0,0.0,0.00031208280597118436,0.0,0.0,0.0,0.0,0.0,0.0,0.0,0.0,0.002305945177453751,0.00026006900497598694,0.0014390484942004612,0.0005548138772821055,0.00031208280597118436,0.0,0.0,0.0,0.0,0.014130415937028625,0.0,0.9999999999999999
CA2,0.2553453947368421,0.0,0.0,0.022820723684210526,0.025904605263157895,0.0,0.0,0.0,0.0,0.03330592105263158,0.0,0.0,0.0,0.0006167763157894736,0.02261513157894737,0.0,0.0,0.0,0.02055921052631579,0.0,0.0,0.0,0.0,0.0,0.0,0.0,0.0,0.0,0.0,0.6188322368421053,0.0,0.0,0.0,0.0,0.0,0.0,0.0,0.0,0.0,0.0,0.0,0.0,0.0,0.0,0.0,0.0,0.0,0.0,0.0,0.0,0.0,0.0,0.0,0.0,0.0,1.0
CA1,0.2711699895068206,0.0,0.0,0.016474291710388247,0.03478488982161595,0.0,0.0,0.0,0.0,0.023950682056663168,0.0,0.002911857292759706,0.0,0.000472193074501574,0.030981112277019936,2.6232948583420775e-05,0.0,0.0004459601259181532,0.0094700944386149,7.869884575026233e-05,0.001285414480587618,0.0,0.004616998950682056,0.0,0.0,0.01217208814270724,0.0,0.0,0.0,0.5911594963273872,0.0,0.0,0.0,0.0,0.0,0.0,0.0,0.0,0.0,0.0,0.0,0.0,0.0,0.0,0.0,0.0,0.0,0.0,0.0,0.0,0.0,0.0,0.0,0.0,0.0,1.0
FC,0.22284345047923323,0.0,0.0,0.0,0.0,0.0,0.0,0.0,0.0,0.0,0.0,0.0,0.0,0.0,0.0,0.0,0.0,0.0,0.0,0.0,0.0,0.0,0.0,0.0,0.0,0.0,0.0,0.0,0.0,0.753727369542066,0.0,0.0,0.0,0.0,0.0,0.0,0.0,0.0,0.0,0.0,0.0,0.0,0.0,0.0,0.0,0.0,0.0,0.0,0.0,0.0,0.0,0.0,0.0,0.023429179978700747,0.0,1.0
SUB,0.2730506870328666,0.0,0.0,0.0,0.014328143868925227,0.0,0.0,0.0,0.0,0.016873918861581644,0.0,0.0,0.0,0.0,0.004732530435066418,0.0,0.0,0.002937432683834329,0.00042429583210940307,0.00013055256372597018,0.0010117823688762689,0.0,0.0012402493553967165,0.0,0.0,0.012174026567446719,0.0,0.002219393583341493,0.009138679460817912,0.6523385227977414,0.0,0.0,0.0,0.0,0.0,0.0,0.0,0.0,0.0,0.0,0.0,0.0,0.0,0.0,0.0,0.0,0.0,0.0,0.0,0.0,0.0,0.0,0.0,0.009399784588269853,0.0,1.0
POR,0.38731864992858756,0.0,0.0,0.0,0.3925806209125761,0.0,0.0,0.0,0.0,0.03668345485980606,0.0,0.0,0.00011275652108546944,0.0,0.042396451928136514,0.05961061414718485,0.0,0.019469292640757724,0.0,0.0,0.0,0.0,0.0,0.0,0.0,0.027249492595655116,0.027512591144854544,0.0070284898143275956,3.758550702848981e-05,0.0,0.0,0.0,0.0,0.0,0.0,0.0,0.0,0.0,0.0,0.0,0.0,0.0,0.0,0.0,0.0,0.0,0.0,0.0,0.0,0.0,0.0,0.0,0.0,0.0,0.0,1.0
PrS,0.4297140352799386,0.0,0.0,0.0,0.0,0.0,0.0,0.0,0.0,0.0,0.0,0.0,0.042018187794456006,0.0,0.0,0.00016434754026514736,0.0,0.0981702640517147,0.0,0.0,0.0,0.0,0.0,0.0,0.0,0.0,0.031719075271173444,0.10101895474964391,0.1259449983565246,0.17125013695628355,0.0,0.0,0.0,0.0,0.0,0.0,0.0,0.0,0.0,0.0,0.0,0.0,0.0,0.0,0.0,0.0,0.0,0.0,0.0,0.0,0.0,0.0,0.0,0.0,0.0,1.0
PaS,0.34781006204312304,0.0,0.0,0.0,6.142883469500583e-05,0.0,0.0,0.0,0.0,0.0,0.0,0.0,0.0004914306775600466,0.0,6.142883469500583e-05,0.0035628724123103386,0.0,0.1399963142699183,6.142883469500583e-05,0.0,0.0,0.0,0.0,0.0,0.0,0.03483014927206831,0.24688248663922846,0.07138030591559678,0.04029731555992383,0.11456477670618588,0.0,0.0,0.0,0.0,0.0,0.0,0.0,0.0,0.0,0.0,0.0,0.0,0.0,0.0,0.0,0.0,0.0,0.0,0.0,0.0,0.0,0.0,0.0,0.0,0.0,1.0
PER35,0.24396296649804333,0.0,0.0,0.0,0.06977188126372053,0.0,0.0,0.0,0.0,0.6619261238904266,0.0,0.0,0.0,0.0,0.0,0.0,0.0,0.00047723584995704876,0.0,0.0,0.0048678056695618975,0.0,0.0,0.0,0.0,0.01899398682829054,0.0,0.0,0.0,0.0,0.0,0.0,0.0,0.0,0.0,0.0,0.0,0.0,0.0,0.0,0.0,0.0,0.0,0.0,0.0,0.0,0.0,0.0,0.0,0.0,0.0,0.0,0.0,0.0,0.0,1.0
PER36,0.18084799538505913,0.0,0.0,0.0,0.7518748197288723,0.0,0.0,0.0,0.0,0.06713296798384771,0.0,0.0,0.0,0.0,0.0,0.0,0.0,0.00014421690222094028,0.0,0.0,0.0,0.0,0.0,0.0,0.0,0.0,0.0,0.0,0.0,0.0,0.0,0.0,0.0,0.0,0.0,0.0,0.0,0.0,0.0,0.0,0.0,0.0,0.0,0.0,0.0,0.0,0.0,0.0,0.0,0.0,0.0,0.0,0.0,0.0,0.0,1.0
MEC,0.2230894826968261,0.0,0.0,0.0,0.03098243797538927,0.0,0.0,0.0,0.0,0.0031858548046672774,0.0,0.0,0.0,0.0,0.00017920433276253435,0.0003384970729958982,0.0,0.042212576161841424,0.0005177014057584326,0.0,0.0,0.0,0.0,0.0,0.0,0.6156067062243639,0.06180558321054518,0.000537612998287603,0.0,0.02154434311656246,0.0,0.0,0.0,0.0,0.0,0.0,0.0,0.0,0.0,0.0,0.0,0.0,0.0,0.0,0.0,0.0,0.0,0.0,0.0,0.0,0.0,0.0,0.0,0.0,0.0,1.0
LEC,0.17540193220773984,0.0,0.0,0.0,0.0028598141120827147,0.0,0.0,0.0,0.0,0.04660030431355295,0.0,0.0,0.0,0.0,0.0,0.0,0.0,0.21782250820363344,0.009074410163339383,0.0,0.02685658765513575,0.0,0.014592384828319493,0.0,0.0,0.4850501384076702,0.0,0.0,0.0,0.02174192010852628,0.0,0.0,0.0,0.0,0.0,0.0,0.0,0.0,0.0,0.0,0.0,0.0,0.0,0.0,0.0,0.0,0.0,0.0,0.0,0.0,0.0,0.0,0.0,0.0,0.0,1.0
MG-mz,0.2843853820598007,0.0,0.0,0.0,0.0,0.0,0.0,0.0,0.0,0.0,0.0,0.0,0.0,0.0,0.0,0.0,0.0,0.0,0.0,0.0,0.0,0.0,0.0,0.0,0.0,0.0,0.0,0.0,0.0,0.25681063122923586,0.000664451827242525,0.0,0.0,0.0,0.0,0.0,0.0,0.0,0.0,0.0,0.0,0.0,0.00132890365448505,0.00132890365448505,0.0,0.0,0.000664451827242525,0.0,0.06445182724252492,0.10132890365448505,0.0,0.05647840531561462,0.0,0.23255813953488372,0.0,1.0
Au1,0.07662815663020141,0.0,0.0,0.5362437378591146,0.0,0.0,0.0,0.0,0.0,0.0,0.0,0.0006134342091810653,0.0,0.0,0.3865146713015029,0.0,0.0,0.0,0.0,0.0,0.0,0.0,0.0,0.0,0.0,0.0,0.0,0.0,0.0,0.0,0.0,0.0,0.0,0.0,0.0,0.0,0.0,0.0,0.0,0.0,0.0,0.0,0.0,0.0,0.0,0.0,0.0,0.0,0.0,0.0,0.0,0.0,0.0,0.0,0.0,1.0
Au2-d,0.039416152263374485,0.0,0.0,0.7567515432098766,0.0,0.0,0.0,0.0,0.0,0.0,0.0,0.07008744855967078,0.0,0.0,0.10718878600823045,0.026556069958847735,0.0,0.0,0.0,0.0,0.0,0.0,0.0,0.0,0.0,0.0,0.0,0.0,0.0,0.0,0.0,0.0,0.0,0.0,0.0,0.0,0.0,0.0,0.0,0.0,0.0,0.0,0.0,0.0,0.0,0.0,0.0,0.0,0.0,0.0,0.0,0.0,0.0,0.0,0.0,1.0
Au2-v,0.1297636584897201,0.0,0.0,0.01024787036443989,0.19477358611413564,0.0,0.0,0.0,0.0,0.0,0.0,0.0,0.0,0.0,0.6652148850317043,0.0,0.0,0.0,0.0,0.0,0.0,0.0,0.0,0.0,0.0,0.0,0.0,0.0,0.0,0.0,0.0,0.0,0.0,0.0,0.0,0.0,0.0,0.0,0.0,0.0,0.0,0.0,0.0,0.0,0.0,0.0,0.0,0.0,0.0,0.0,0.0,0.0,0.0,0.0,0.0,1.0
RT-a,0.009433962264150943,0.0,0.0,0.0,0.0,0.0,0.0,0.0,0.0,0.0,0.0,0.0,0.0,0.0,0.0,0.0,0.0,0.0,0.0,0.0,0.0,0.0,0.0,0.0,0.0,0.0,0.0,0.0,0.0,0.0,0.0,0.0,0.0,0.0,0.0,0.0,0.0,0.0,0.0,0.0,0.0,0.0,0.0,0.0,0.0,0.0,0.0,0.0,0.0,0.0,0.9811320754716981,0.0,0.0,0.009433962264150943,0.0,1.0
PIR1,0.21354342524854625,0.0,0.0,0.0,0.0,0.0,0.0,0.0,0.0026636653535921967,0.0,0.0,0.0,0.0,0.0,0.0,0.0,0.0,0.012342900018758207,0.0,0.0071281185518664416,0.5174263740386419,0.0,0.24554492590508348,0.0,0.0,0.0013505908835115363,0.0,0.0,0.0,0.0,0.0,0.0,0.0,0.0,0.0,0.0,0.0,0.0,0.0,0.0,0.0,0.0,0.0,0.0,0.0,0.0,0.0,0.0,0.0,0.0,0.0,0.0,0.0,0.0,0.0,1.0
PIR2,0.001008318628686665,0.0,0.0,0.0,0.0,0.0,0.0,0.0,8.402655239055541e-05,0.0,0.0,0.0,0.0,0.0,0.0,0.0,0.0,0.003949247962356105,0.0,0.005545752457776657,0.9053861020082346,0.0,0.07999327787580876,0.0,0.0,0.00403327451474666,0.0,0.0,0.0,0.0,0.0,0.0,0.0,0.0,0.0,0.0,0.0,0.0,0.0,0.0,0.0,0.0,0.0,0.0,0.0,0.0,0.0,0.0,0.0,0.0,0.0,0.0,0.0,0.0,0.0,1.0
PIR3,6.440186765416197e-05,0.0,0.0,0.0,0.0,0.0,0.0,0.0,0.0,0.00012880373530832395,0.0,0.0,0.0,0.0,0.0,0.0,0.0,0.0005474158750603768,6.440186765416197e-05,0.006697794236032845,0.9330864595073257,0.0,0.04768958299790694,0.0,0.0,0.011721139913057479,0.0,0.0,0.0,0.0,0.0,0.0,0.0,0.0,0.0,0.0,0.0,0.0,0.0,0.0,0.0,0.0,0.0,0.0,0.0,0.0,0.0,0.0,0.0,0.0,0.0,0.0,0.0,0.0,0.0,1.0
NAc-c,0.07487049164304564,0.0,0.0,0.0,0.0,0.0,0.0,0.0,0.0,0.0,0.0,0.0,0.0,0.0,0.0,0.0,0.0,0.0,0.0,0.0,0.0038119440914866584,0.0,0.01153357443065194,0.0,0.0,0.0,0.0,0.0,0.0,0.0,0.0,0.0,0.0,0.0,0.0,0.0,0.0052780764343661425,0.0,0.269963835402209,0.6345420779982407,0.0,0.0,0.0,0.0,0.0,0.0,0.0,0.0,0.0,0.0,0.0,0.0,0.0,0.0,0.0,1.0
NAc-sh,0.007489999148863733,0.0,0.0,0.0,0.0,0.0,0.0,0.0,0.0,0.0,0.0,0.0,0.0,0.0,0.0,0.0,0.0,0.0,0.0,0.0,0.006043067495105967,0.0,0.05506851646948677,0.0,0.0,0.0,0.0,0.0,0.0,0.0,0.0,0.0,0.0,0.0,0.0,0.0,0.03353476891650353,0.0,0.0242573836071155,0.8131755894118649,0.0009362498936079666,0.0594944250574517,0.0,0.0,0.0,0.0,0.0,0.0,0.0,0.0,0.0,0.0,0.0,0.0,0.0,1.0
VP,0.047888550282977796,0.0,0.0,0.0,0.0,0.0,0.0,0.0,0.0,0.0,0.0,0.0,0.0,0.0,0.0,0.0,0.0,0.0,0.017631693513278188,0.0,0.0,0.0,0.36275576839355683,0.0,0.0,0.0,0.0,0.0,0.0,0.0,0.0,0.0,0.0,0.000326512842838485,0.0,0.0017414018284719198,0.0,0.00010883761427949499,0.0,0.01044841097083152,0.0,0.5590988245537658,0.0,0.0,0.0,0.0,0.0,0.0,0.0,0.0,0.0,0.0,0.0,0.0,0.0,1.0
GPe-m,0.1659919028340081,0.0,0.0,0.0,0.0,0.0,0.0,0.0,0.0,0.0,0.0,0.0,0.0,0.0,0.0,0.0,0.0,0.0,0.0,0.0,0.0,0.0,0.0,0.0,0.0,0.0,0.0,0.0,0.0,0.0,0.0,0.0,0.0,0.0,0.0,0.0,0.0,0.21052631578947367,0.004048582995951417,0.0,0.008097165991902834,0.6072874493927125,0.0,0.0,0.0,0.0,0.0,0.0,0.0,0.0,0.004048582995951417,0.0,0.0,0.0,0.0,1.0
CPu,0.0977622499229316,0.0,0.0031617803985424194,0.0013911833753586646,0.003114353692564283,0.0020235394550671484,0.0,0.0,0.0,0.0008378718056137411,0.0,0.0,0.0,0.0015966991012639218,0.0020551572590525725,0.0,0.0005691204717376355,0.009287729920718357,0.002126297318019777,0.0,0.012836828418082221,0.0,0.0,0.0,0.01131917382678186,0.0,0.0,0.0,0.0,0.0,0.0,0.0,0.0,0.0,0.0,0.0,0.0011303364924789149,0.027554916173297184,0.8174625131411498,0.002466188710863087,0.0020156350040707923,0.001003865276537218,0.0,0.0,0.0,0.0,0.0,0.0,0.0,0.0,0.0,0.0,0.0,0.00028456023586881775,0.0,1.0
GPe-l,0.02608267716535433,0.0,0.0,0.0,0.0,0.0,0.0,0.0,0.0,0.0,0.0,0.0,0.0,0.0,0.0,0.0,0.0,0.0,0.0,0.0,0.0,0.0,0.0,0.0,0.0,0.0,0.0,0.0,0.0,0.0,0.0,0.0,0.0,0.0,0.0,0.0,0.0,0.5880905511811023,0.1970964566929134,0.0,0.001968503937007874,0.18676181102362205,0.0,0.0,0.0,0.0,0.0,0.0,0.0,0.0,0.0,0.0,0.0,0.0,0.0,1.0
VSR-u,0.03206412825651302,0.0,0.0,0.0,0.0,0.0,0.0,0.0,0.0,0.0,0.0,0.0,0.0,0.0,0.0,0.0,0.0,0.0,0.2346916054330884,0.0,0.03584947673124026,0.0,0.04876419505678023,0.0,0.0,0.0,0.0,0.0,0.0,0.0,0.0,0.0,0.0,0.0,0.0,0.0,0.0,0.00044533511467379205,0.18859942106435093,0.2723224226230238,0.0,0.18726341572032953,0.0,0.0,0.0,0.0,0.0,0.0,0.0,0.0,0.0,0.0,0.0,0.0,0.0,1.0
RT-u,0.11214557765552265,0.0,0.0,0.0,0.0,0.0,0.0,0.0,0.0,0.0,0.0,0.0,0.0,0.0,0.0,0.0,0.0,0.0,0.0,0.0,0.0,0.0,0.0,0.0,0.0,0.0,0.0,0.0,0.0,0.0,0.0,0.0,0.0,0.0,0.0,0.0021159542953872196,0.0,0.0,0.0,0.0,0.0,0.0,0.0,0.0016927634363097758,0.0,0.0,0.0,0.03427845958527296,0.0,0.004231908590774439,0.7046127803639441,0.019889970376639865,0.0,0.12103258569614897,0.0,1.0
PrG,0.1271716469770674,0.0,0.0,0.0,0.0,0.0,0.0,0.0,0.0,0.0,0.0,0.0,0.0,0.0,0.0,0.0,0.0,0.0,0.0,0.0,0.0,0.0,0.0,0.0,0.0,0.0,0.0,0.0,0.0,0.03335649756775538,0.005559416261292564,0.0,0.0,0.0,0.0,0.0,0.0,0.0,0.0,0.0,0.0,0.0,0.0,0.0006949270326615705,0.0,0.0,0.0,0.0,0.0,0.03335649756775538,0.002779708130646282,0.7887421820708825,0.0,0.008339124391938846,0.0,1.0
DLG,0.07628437986507525,0.0,0.0,0.0,0.0,0.0,0.0,0.0,0.0,0.0,0.0,0.0,0.0,0.0,0.0,0.0,0.0,0.0,0.0,0.0,0.0,0.0,0.0,0.0,0.0,0.0,0.0,0.0,0.0,0.2431240269849507,0.0,0.0,0.0,0.0,0.0,0.0,0.0,0.0,0.0,0.0,0.0,0.0,0.0,0.0,0.0,0.0,0.0,0.0,0.0,0.667618059159315,0.0015568240788790867,0.007265179034769071,0.0,0.0041515308770108976,0.0,1.0
LHb,0.16112852664576802,0.0,0.0,0.0,0.0,0.0,0.0,0.0,0.0,0.0,0.0,0.0,0.0,0.0,0.0,0.0,0.0,0.0,0.0,0.0,0.0,0.0,0.0,0.0,0.0,0.0,0.0,0.0,0.0,0.0025078369905956114,0.0,0.0,0.0,0.0,0.0,0.0,0.0,0.0,0.0,0.0,0.0,0.0,0.0,0.0,0.0,0.0,0.0,0.0,0.0,0.0,0.0,0.0,0.0006269592476489029,0.8357366771159874,0.0,1.0
MHb,0.3985171455050973,0.0,0.0,0.0,0.0,0.0,0.0,0.0,0.0,0.0,0.0,0.0,0.0,0.0,0.0,0.0,0.0,0.0,0.0,0.0,0.0,0.0,0.0,0.0,0.0,0.0,0.0,0.0,0.0,0.004170528266913809,0.0,0.0,0.0,0.0,0.0,0.0,0.0,0.0,0.0,0.0,0.0,0.0,0.0,0.0,0.0,0.0,0.0,0.0,0.0,0.0,0.0,0.0,0.0,0.5973123262279889,0.0,1.0
PIL,0.3313197026022305,0.0,0.0,0.0,0.0,0.0,0.0,0.0,0.0,0.0,0.0,0.0,0.0,0.0,0.0,0.0,0.0,0.0,0.0,0.0,0.0,0.0,0.0,0.0,0.0,0.0,0.0,0.0,0.0,0.00046468401486988845,0.03810408921933085,0.0,0.0,0.0,0.0,0.0,0.0,0.0,0.0,0.0,0.0,0.0,0.0,0.0,0.0,0.0,0.0,0.0,0.017193308550185873,0.0,0.0,0.0018587360594795538,0.0,0.6110594795539034,0.0,1.0
Po-t,0.21081429031219825,0.0,0.0,0.0,0.0,0.0,0.0,0.0,0.0,0.0,0.0,0.0,0.0,0.0,0.0,0.0,0.0,0.0,0.0,0.0,0.0,0.0,0.0,0.0,0.0,0.0,0.0,0.0,0.0,0.0,0.0009655616350177019,0.0,0.0,0.0,0.0,0.0,0.0,0.0,0.0,0.0,0.0,0.0,0.10814290312198262,0.0009655616350177019,0.0,0.0,0.000321853878339234,0.0,0.0,0.0,0.0,0.0,0.0,0.6787898294174445,0.0,1.0
PT,0.10785824345146379,0.0,0.0,0.0,0.0,0.0,0.0,0.0,0.0,0.0,0.0,0.0,0.0,0.0,0.0,0.0,0.0,0.0,0.0,0.0,0.0,0.0,0.0,0.0,0.0,0.0,0.0,0.0,0.0,0.0,0.0,0.0,0.0,0.0,0.0,0.0,0.0,0.0,0.0,0.0,0.0,0.0,0.0,0.0,0.0,0.0,0.0,0.012326656394453005,0.0,0.0,0.0,0.0,0.24345146379044685,0.6363636363636364,0.0,1.0
AD,0.13964686998394862,0.0,0.0,0.0,0.0,0.0,0.0,0.0,0.0,0.0,0.0,0.0,0.0,0.0,0.0,0.0,0.0,0.0,0.0,0.0,0.0,0.0,0.0,0.0,0.0,0.0,0.0,0.0,0.0,0.016051364365971106,0.0,0.0,0.0,0.0,0.0,0.0,0.0,0.0,0.0,0.0,0.0,0.0,0.0,0.0,0.07704654895666131,0.0,0.0,0.6837881219903692,0.0,0.0,0.0,0.0,0.012841091492776886,0.07062600321027288,0.0,1.0
AV-dm,0.0,0.0,0.0,0.0,0.0,0.0,0.0,0.0,0.0,0.0,0.0,0.0,0.0,0.0,0.0,0.0,0.0,0.0,0.0,0.0,0.0,0.0,0.0,0.0,0.0,0.0,0.0,0.0,0.0,0.0,0.0,0.0,0.0,0.0,0.0,0.0,0.0,0.0,0.0,0.0,0.0,0.0,0.0,0.0,0.021439509954058193,0.016845329249617153,0.0,0.9433384379785605,0.0,0.0,0.0,0.0,0.006125574272588055,0.01225114854517611,0.0,1.0
AV-vl,0.09923664122137404,0.0,0.0,0.0,0.0,0.0,0.0,0.0,0.0,0.0,0.0,0.0,0.0,0.0,0.0,0.0,0.0,0.0,0.0,0.0,0.0,0.0,0.0,0.0,0.0,0.0,0.0,0.0,0.0,0.0,0.0,0.0,0.0,0.0,0.0,0.0,0.0,0.0,0.0,0.0,0.0,0.0,0.0,0.0,0.0,0.012977099236641221,0.0,0.6885496183206107,0.0,0.0,0.05114503816793893,0.0,0.0,0.1480916030534351,0.0,1.0
Rh,0.0,0.0,0.0,0.0,0.0,0.0,0.0,0.0,0.0,0.0,0.0,0.0,0.0,0.0,0.0,0.0,0.0,0.0,0.0,0.0,0.0,0.0,0.0,0.0,0.0,0.0,0.0,0.0,0.0,0.0,0.0,0.0,0.0,0.0,0.0,0.0,0.0,0.0,0.0,0.0,0.0,0.0,0.0,0.0,0.0,0.0,0.0,0.003552397868561279,0.0,0.0,0.0,0.0,0.0,0.9964476021314387,0.0,1.0
Xi,0.005825242718446602,0.0,0.0,0.0,0.0,0.0,0.0,0.0,0.0,0.0,0.0,0.0,0.0,0.0,0.0,0.0,0.0,0.0,0.0,0.0,0.0,0.0,0.0,0.0,0.0,0.0,0.0,0.0,0.0,0.0,0.0,0.0,0.0,0.0,0.0,0.8097087378640777,0.0,0.0,0.0,0.0,0.0,0.0,0.0,0.0,0.0,0.0,0.0,0.0,0.0,0.0,0.0,0.0,0.0,0.18446601941747573,0.0,1.0
Re,0.0018879798615481435,0.0,0.0,0.0,0.0,0.0,0.0,0.0,0.0,0.0,0.0,0.0,0.0,0.0,0.0,0.0,0.0,0.0,0.0,0.0,0.0,0.0,0.0,0.0,0.0,0.0,0.0,0.0,0.0,0.0,0.0009439899307740718,0.0,0.0,0.0,0.0,0.05852737570799245,0.0,0.0,0.0,0.0,0.0,0.0,0.0,0.0,0.0,0.0,0.0,0.012901195720578981,0.0,0.0,0.0,0.0,0.0,0.9257394587791064,0.0,1.0
VM,0.004788673745575682,0.0,0.0,0.0,0.0,0.0,0.0,0.0,0.0,0.0,0.0,0.0,0.0,0.0,0.0,0.0,0.0,0.0,0.0,0.0,0.0,0.0,0.0,0.0,0.0,0.0,0.0,0.0,0.0,0.0,0.06454299396210701,0.0054132833645638145,0.0,0.0,0.0,0.002082032063293775,0.0,0.0,0.0,0.0,0.0,0.0,0.0,0.014157818030397668,0.0,0.0,0.0,0.0,0.0,0.0,0.024567978346866543,0.0,0.0,0.8844472204871955,0.0,1.0
SMT,0.0,0.0,0.0,0.0,0.0,0.0,0.0,0.0,0.0,0.0,0.0,0.0,0.0,0.0,0.0,0.0,0.0,0.0,0.0,0.0,0.0,0.0,0.0,0.0,0.0,0.0,0.0,0.0,0.0,0.0,0.0,0.0,0.0,0.0,0.0,0.0,0.0,0.0,0.0,0.0,0.0,0.0,0.0,0.0,0.0,0.0,0.0,0.0,0.0,0.0,0.0,0.0,0.0,1.0,0.0,1.0
Ang,0.0,0.0,0.0,0.0,0.0,0.0,0.0,0.0,0.0,0.0,0.0,0.0,0.0,0.0,0.0,0.0,0.0,0.0,0.0,0.0,0.0,0.0,0.0,0.0,0.0,0.0,0.0,0.0,0.0,0.0,0.0,0.0,0.0,0.0,0.0,0.0,0.0,0.0,0.0,0.0,0.0,0.0,0.0,0.0,0.0,0.0,0.0,0.030303030303030304,0.0,0.0,0.0,0.0,0.0,0.9696969696969697,0.0,1.0
VPM,0.01484365494585716,0.0,0.0,0.0,0.0,0.0,0.0,0.0,0.0,0.0,0.0,0.0,0.0,0.0,0.0,0.0,0.0,0.0,0.0,0.0,0.0,0.0,0.0,0.0,0.0,0.0,0.0,0.0,0.0,0.0,0.0029200632680374742,0.0,0.0,0.0,0.0,0.0,0.0,0.0,0.0,0.0,0.0,0.0,0.4758486433872734,0.33240053534493247,0.0,0.0,0.0,0.0,0.0,0.016790363791215478,0.05462951697286775,0.01046356004380095,0.0,0.09210366224601534,0.0,1.0000000000000002
LD-dm,0.0052585451358457495,0.0,0.0,0.0,0.0,0.0,0.0,0.0,0.0,0.0,0.0,0.0,0.0,0.0,0.0,0.0,0.0,0.0,0.0,0.0,0.0,0.0,0.0,0.0,0.0,0.0,0.0,0.0,0.0,0.06748466257668712,0.0,0.0,0.0,0.0,0.0,0.0,0.0,0.0,0.0,0.0,0.0,0.0,0.0,0.0,0.6511831726555652,0.12094653812445223,0.0043821209465381246,0.0017528483786152498,0.0,0.0,0.0,0.0,0.0,0.14899211218229624,0.0,0.9999999999999999
LD-vl,0.039427570093457945,0.0,0.0,0.0,0.0,0.0,0.0,0.0,0.0,0.0,0.0,0.0,0.0,0.0,0.0,0.0,0.0,0.0,0.0,0.0,0.0,0.0,0.0,0.0,0.0,0.0,0.0,0.0,0.0,0.05841121495327103,0.0,0.0,0.0,0.0,0.0,0.0,0.0,0.0,0.0,0.0,0.0,0.0,0.0,0.0,0.039135514018691586,0.5224883177570093,0.13230140186915887,0.009637850467289719,0.0,0.04205607476635514,0.028037383177570093,0.0,0.0,0.12850467289719625,0.0,0.9999999999999999
Po,0.04749653671086483,0.0,0.0,0.0,0.0,0.0,0.0,0.0,0.0,0.0,0.0,0.0,0.0,0.0,0.0,0.0,0.0,0.0,0.0,0.0,0.0,0.0,0.0,0.0,0.0,0.0,0.0,0.0,0.0,0.0,0.0,0.0,0.0,0.0,0.0,0.0,0.0,0.0,0.0,0.0,0.0,0.0,0.23382149218286166,0.005838115970710469,0.0,0.012170987532159113,0.011478329705125669,0.0,0.0,0.009499307342172967,0.012368889768454383,0.0,0.0,0.6673263407876509,0.0,1.0
VL,0.0008403361344537816,0.0,0.0,0.0,0.0,0.0,0.0,0.0,0.0,0.0,0.0,0.0,0.0,0.0,0.0,0.0,0.0,0.0,0.0,0.0,0.0,0.0,0.0,0.0,0.0,0.0,0.0,0.0,0.0,0.0,0.0,0.0,0.0,0.0,0.0,0.0,0.0,0.0,0.0,0.0,0.0,0.0,0.007352941176470588,0.025210084033613446,0.0,0.004201680672268907,0.0,0.05630252100840336,0.0,0.0,0.04936974789915966,0.0,0.0,0.8567226890756302,0.0,1.0
MD-l,0.004396678065461651,0.0,0.0,0.0,0.0,0.0,0.0,0.0,0.0,0.0,0.0,0.0,0.0,0.0,0.0,0.0,0.0,0.0,0.0,0.0,0.0,0.0,0.0,0.0,0.0,0.0,0.0,0.0,0.0,0.0,0.0,0.0,0.0,0.0,0.0,0.0,0.0,0.0,0.0,0.0,0.0,0.0,0.0,0.0,0.0,0.0,0.0,0.00537371763556424,0.0,0.0,0.0,0.0,0.558866634098681,0.4313629702002931,0.0,1.0
MD-c,0.003524229074889868,0.0,0.0,0.0,0.0,0.0,0.0,0.0,0.0,0.0,0.0,0.0,0.0,0.0,0.0,0.0,0.0,0.0,0.0,0.0,0.0,0.0,0.0,0.0,0.0,0.0,0.0,0.0,0.0,0.0,0.0,0.0,0.0,0.0,0.0,0.0,0.0,0.0,0.0,0.0,0.0,0.0,0.0,0.0,0.0,0.0,0.0,0.0,0.0,0.0,0.0,0.0,0.7647577092511013,0.23171806167400882,0.0,1.0
ZI-d,0.10015174506828528,0.0,0.0,0.0,0.0,0.0,0.0,0.0,0.0,0.0,0.0,0.0,0.0,0.0,0.0,0.0,0.0,0.0,0.0,0.0,0.0,0.0,0.0,0.0,0.0,0.0,0.0,0.0,0.0,0.0,0.6695751138088012,0.00037936267071320183,0.0,0.0,0.0,0.0018968133535660092,0.0,0.0,0.0,0.0,0.0,0.0,0.009104704097116844,0.11608497723823975,0.0,0.0,0.0,0.0,0.0,0.0,0.08611532625189681,0.0,0.0,0.01669195751138088,0.0,1.0
ZI-v,0.0930795847750865,0.0,0.0,0.0,0.0,0.0,0.0,0.0,0.0,0.0,0.0,0.0,0.0,0.0,0.0,0.0,0.0,0.0,0.0,0.0,0.0,0.0,0.0,0.0,0.0,0.0,0.0,0.0,0.0,0.0,0.7217993079584775,0.0,0.0,0.0,0.004498269896193772,0.11280276816608996,0.0,0.0,0.0,0.0,0.0,0.0,0.0,0.0,0.0,0.0,0.0,0.0,0.0,0.0,0.01730103806228374,0.004844290657439446,0.0,0.045674740484429065,0.0,1.0
ZI-A13,0.0,0.0,0.0,0.0,0.0,0.0,0.0,0.0,0.0,0.0,0.0,0.0,0.0,0.0,0.0,0.0,0.0,0.0,0.0,0.0,0.0,0.0,0.0,0.0,0.0,0.0,0.0,0.0,0.0,0.0,0.15384615384615385,0.0,0.0,0.0,0.0,0.8461538461538461,0.0,0.0,0.0,0.0,0.0,0.0,0.0,0.0,0.0,0.0,0.0,0.0,0.0,0.0,0.0,0.0,0.0,0.0,0.0,1.0
MD-m,0.06204906204906205,0.0,0.0,0.0,0.0,0.0,0.0,0.0,0.0,0.0,0.0,0.0,0.0,0.0,0.0,0.0,0.0,0.0,0.0,0.0,0.0,0.0,0.0,0.0,0.0,0.0,0.0,0.0,0.0,0.0,0.0,0.0,0.0,0.0,0.0,0.0,0.0,0.0,0.0,0.0,0.0,0.0,0.0,0.0,0.0,0.0,0.0,0.0,0.0,0.0,0.0,0.0,0.6486291486291487,0.2893217893217893,0.0,1.0
PV,0.3544891640866873,0.0,0.0,0.0,0.0,0.0,0.0,0.0,0.0,0.0,0.0,0.0,0.0,0.0,0.0,0.0,0.0,0.0,0.0,0.0,0.0,0.0,0.0,0.0,0.0,0.0,0.0,0.0,0.0,0.0,0.0,0.0,0.0,0.0,0.0,0.0,0.0,0.0,0.0,0.0,0.0,0.0,0.0,0.0,0.0,0.0,0.0,0.0,0.0,0.0,0.0,0.0,0.027200353825740823,0.6183104820875719,0.0,1.0
PCN,0.011840688912809472,0.0,0.0,0.0,0.0,0.0,0.0,0.0,0.0,0.0,0.0,0.0,0.0,0.0,0.0,0.0,0.0,0.0,0.0,0.0,0.0,0.0,0.0,0.0,0.0,0.0,0.0,0.0,0.0,0.0,0.0,0.0,0.0,0.0,0.0,0.0,0.0,0.0,0.0,0.0,0.0,0.0,0.0,0.0,0.0,0.0,0.0,0.13939720129171151,0.0,0.0,0.0,0.0,0.15715823466092574,0.6916038751345532,0.0,1.0
CM,0.43983957219251335,0.0,0.0,0.0,0.0,0.0,0.0,0.0,0.0,0.0,0.0,0.0,0.0,0.0,0.0,0.0,0.0,0.0,0.0,0.0,0.0,0.0,0.0,0.0,0.0,0.0,0.0,0.0,0.0,0.0,0.0,0.0,0.0,0.0,0.0,0.0,0.0,0.0,0.0,0.0,0.0,0.0,0.0,0.0,0.0,0.0,0.0,0.02826585179526356,0.0,0.0,0.0,0.0,0.01948051948051948,0.5124140565317036,0.0,1.0
CL,0.13782542113323124,0.0,0.0,0.0,0.0,0.0,0.0,0.0,0.0,0.0,0.0,0.0,0.0,0.0,0.0,0.0,0.0,0.0,0.0,0.0,0.0,0.0,0.0,0.0,0.0,0.0,0.0,0.0,0.0,0.0,0.0,0.0,0.0,0.0,0.0,0.0,0.0,0.0,0.0,0.0,0.0,0.0,0.0,0.0,0.0,0.0,0.0,0.01339969372128637,0.0,0.0,0.0,0.0,0.02871362940275651,0.8200612557427259,0.0,1.0
AM,0.03515459551037696,0.0,0.0,0.0,0.0,0.0,0.0,0.0,0.0,0.0,0.0,0.0,0.0,0.0,0.0,0.0,0.0,0.0,0.0,0.0,0.0,0.0,0.0,0.0,0.0,0.0,0.0,0.0,0.0,0.0,0.0,0.0,0.0,0.0,0.0,0.0,0.0,0.0,0.0,0.0,0.0,0.0,0.0,0.0,0.0,0.0,0.0,0.6082168572638712,0.0,0.0,0.03727234222786955,0.0,0.013130029648454045,0.3062261753494282,0.0,0.9999999999999999
IAM,0.0,0.0,0.0,0.0,0.0,0.0,0.0,0.0,0.0,0.0,0.0,0.0,0.0,0.0,0.0,0.0,0.0,0.0,0.0,0.0,0.0,0.0,0.0,0.0,0.0,0.0,0.0,0.0,0.0,0.0,0.0,0.0,0.0,0.0,0.0,0.0,0.0,0.0,0.0,0.0,0.0,0.0,0.0,0.0,0.0,0.0,0.0,0.4037854889589905,0.0,0.0,0.0,0.0,0.0,0.5962145110410094,0.0,1.0
ZI-r,0.01765650080256822,0.0,0.0,0.0,0.0,0.0,0.0,0.0,0.0,0.0,0.0,0.0,0.0,0.0,0.0,0.0,0.0,0.0,0.0,0.0,0.0,0.0,0.0,0.0,0.0,0.0,0.0,0.0,0.0,0.0,0.13964686998394862,0.0,0.0,0.0,0.0,0.3451043338683788,0.0,0.0,0.0,0.0,0.0,0.0,0.0,0.0,0.0,0.0,0.0,0.0,0.0,0.0,0.1348314606741573,0.0,0.0,0.36276083467094705,0.0,1.0
IMD,0.013297872340425532,0.0,0.0,0.0,0.0,0.0,0.0,0.0,0.0,0.0,0.0,0.0,0.0,0.0,0.0,0.0,0.0,0.0,0.0,0.0,0.0,0.0,0.0,0.0,0.0,0.0,0.0,0.0,0.0,0.0,0.0,0.0,0.0,0.0,0.0,0.0,0.0,0.0,0.0,0.0,0.0,0.0,0.0,0.0,0.0,0.0,0.0,0.0,0.0,0.0,0.0,0.0,0.4521276595744681,0.5345744680851063,0.0,1.0
VP-pc,0.1369216241737488,0.0,0.0,0.0,0.0,0.0,0.0,0.0,0.0,0.0,0.0,0.0,0.0,0.0,0.0,0.0,0.0,0.0,0.0,0.0,0.0,0.0,0.0,0.0,0.0,0.0,0.0,0.0,0.0,0.0,0.030217186024551465,0.0028328611898017,0.0,0.0,0.0,0.0,0.0,0.0,0.0,0.0,0.0,0.0,0.26440037771482533,0.0066100094428706326,0.0,0.0,0.0,0.0,0.0,0.0,0.0,0.0,0.0,0.559017941454202,0.0,1.0
PF,0.7913319173823375,0.0,0.0,0.0,0.0,0.0,0.0,0.0,0.0,0.0,0.0,0.0,0.0,0.0,0.0,0.0,0.0,0.0,0.0,0.0,0.0,0.0,0.0,0.0,0.0,0.0,0.0,0.0,0.0,0.0,0.0,0.0,0.0,0.0,0.0,0.0,0.0,0.0,0.0,0.0,0.0,0.0,3.0781543386585404e-05,0.0,0.0,0.0,0.0,0.0,0.0,0.0,0.0,0.0,0.0,0.20863730107427586,0.0,1.0
RRe,0.04424778761061947,0.0,0.0,0.0,0.0,0.0,0.0,0.0,0.0,0.0,0.0,0.0,0.0,0.0,0.0,0.0,0.0,0.0,0.0,0.0,0.0,0.0,0.0,0.0,0.0,0.0,0.0,0.0,0.0,0.0,0.0,0.0,0.0,0.0,0.0,0.0,0.0,0.0,0.0,0.0,0.0,0.0,0.0,0.0,0.0,0.0,0.0,0.0,0.0,0.0,0.0,0.0,0.0,0.9557522123893806,0.0,1.0
IGL,0.14285714285714285,0.0,0.0,0.0,0.0,0.0,0.0,0.0,0.0,0.0,0.0,0.0,0.0,0.0,0.0,0.0,0.0,0.0,0.0,0.0,0.0,0.0,0.0,0.0,0.0,0.0,0.0,0.0,0.0,0.025510204081632654,0.0,0.0,0.0,0.0,0.0,0.0,0.0,0.0,0.0,0.0,0.0,0.0,0.0,0.0,0.0,0.0,0.0,0.0,0.0,0.4846938775510204,0.0,0.336734693877551,0.0,0.01020408163265306,0.0,0.9999999999999999
SPF,0.09663250366032211,0.0,0.0,0.0,0.0,0.0,0.0,0.0,0.0,0.0,0.0,0.0,0.0,0.0,0.0,0.0,0.0,0.0,0.0,0.0,0.0,0.0,0.0,0.0,0.0,0.0,0.0,0.0,0.0,0.0,0.0029282576866764276,0.11859443631039532,0.0,0.0,0.0,0.0,0.0,0.0,0.0,0.0,0.0,0.0,0.053440702781844804,0.0,0.0,0.0,0.0,0.0,0.0,0.0,0.0,0.0,0.0,0.7284040995607614,0.0,1.0
FoF,0.04496124031007752,0.0,0.0,0.0,0.0,0.0,0.0,0.0,0.0,0.0,0.0,0.0,0.0,0.0,0.0,0.0,0.0,0.0,0.0,0.0,0.0,0.0,0.0,0.0,0.0,0.0,0.0,0.0,0.0,0.0,0.5534883720930233,0.2806201550387597,0.0,0.0,0.0,0.10542635658914729,0.0,0.0,0.0,0.0,0.0,0.0,0.0,0.0,0.0,0.0,0.0,0.0,0.0,0.0,0.0,0.0,0.0,0.015503875968992248,0.0,1.0
SubG,0.04409171075837742,0.0,0.0,0.0,0.0,0.0,0.0,0.0,0.0,0.0,0.0,0.0,0.0,0.0,0.0,0.0,0.0,0.0,0.0,0.0,0.0,0.0,0.0,0.0,0.0,0.0,0.0,0.0,0.0,0.0,0.36596119929453264,0.0,0.0,0.0,0.0,0.0,0.0,0.0,0.0,0.0,0.0,0.0,0.0,0.007054673721340388,0.0,0.0,0.0,0.0,0.0,0.0,0.03968253968253968,0.5202821869488536,0.0,0.02292768959435626,0.0,1.0
Eth,0.061285500747384154,0.0,0.0,0.0,0.0,0.0,0.0,0.0,0.0,0.0,0.0,0.0,0.0,0.0,0.0,0.0,0.0,0.0,0.0,0.0,0.0,0.0,0.0,0.0,0.0,0.0,0.0,0.0,0.0,0.0,0.0,0.0,0.0,0.0,0.0,0.0,0.0,0.0,0.0,0.0,0.0,0.0,0.08669656203288491,0.0,0.0,0.0,0.0,0.0,0.0,0.0,0.0,0.0,0.0,0.852017937219731,0.0,1.0
LP-l,0.10831234256926953,0.0,0.0,0.0,0.0,0.0,0.0,0.0,0.0,0.0,0.0,0.0,0.0,0.0,0.0,0.0,0.0,0.0,0.0,0.0,0.0,0.0,0.0,0.0,0.0,0.0,0.0,0.0,0.0,0.0675902602854744,0.0,0.0,0.0,0.0,0.0,0.0,0.0,0.0,0.0,0.0,0.0,0.0,0.0,0.0,0.0,0.0,0.42191435768261965,0.0,0.0,0.2892527287993283,0.0,0.0,0.0,0.11293031066330815,0.0,1.0
ZI-A11,0.09290953545232274,0.0,0.0,0.0,0.0,0.0,0.0,0.0,0.0,0.0,0.0,0.0,0.0,0.0,0.0,0.0,0.0,0.0,0.0,0.0,0.0,0.0,0.0,0.0,0.0,0.0,0.0,0.0,0.0,0.0,0.6748166259168704,0.0,0.0,0.0,0.0,0.17359413202933985,0.0,0.0,0.0,0.0,0.0,0.0,0.0,0.0,0.0,0.0,0.0,0.0,0.0,0.0,0.0,0.0,0.0,0.05867970660146699,0.0,1.0
LP-mr,0.20373150332404033,0.0,0.0,0.0,0.0,0.0,0.0,0.0,0.0,0.0,0.0,0.0,0.0,0.0,0.0,0.0,0.0,0.0,0.0,0.0,0.0,0.0,0.0,0.0,0.0,0.0,0.0,0.0,0.0,0.03774394166845379,0.0,0.0,0.0,0.0,0.0,0.0,0.0,0.0,0.0,0.0,0.0,0.0,0.0,0.0,0.02337550932875831,0.0064336264207591675,0.4452069483165344,0.0,0.0,0.0002144542140253056,0.0,0.0,0.0,0.2832940167274287,0.0,1.0
LP-mc,0.48406009527299376,0.0,0.0,0.0,0.0,0.0,0.0,0.0,0.0,0.0,0.0,0.0,0.0,0.0,0.0,0.0,0.0,0.0,0.0,0.0,0.0,0.0,0.0,0.0,0.0,0.0,0.0,0.0,0.0,0.1341150604617076,0.0,0.0,0.0,0.0,0.0,0.0,0.0,0.0,0.0,0.0,0.0,0.0,0.0,0.0,0.0,0.0,0.22389153536093806,0.0,0.0,0.02565042139978014,0.0,0.0,0.0,0.13228288750458042,0.0,0.9999999999999999
ZI-c,0.14285714285714285,0.0,0.0,0.0,0.0,0.0,0.0,0.0,0.0,0.0,0.0,0.0,0.0,0.0,0.0,0.0,0.0,0.0,0.0,0.0,0.0,0.0,0.0,0.0,0.0,0.0,0.0,0.0,0.0,0.0,0.760347129506008,0.0,0.0,0.0,0.0016688918558077437,0.0,0.0,0.0,0.0,0.0,0.0,0.0,0.006008010680907877,0.021361815754339118,0.0,0.0,0.0,0.0,0.0,0.0,0.0,0.017022696929238985,0.0,0.050734312416555405,0.0,1.0
VA,0.0010857763300760044,0.0,0.0,0.0,0.0,0.0,0.0,0.0,0.0,0.0,0.0,0.0,0.0,0.0,0.0,0.0,0.0,0.0,0.0,0.0,0.0,0.0,0.0,0.0,0.0,0.0,0.0,0.0,0.0,0.0,0.0,0.0,0.0,0.0,0.0,0.0,0.0,0.0,0.0,0.0,0.0,0.0,0.0,0.0,0.0,0.0,0.0,0.05537459283387622,0.0,0.0,0.43973941368078173,0.0,0.0,0.503800217155266,0.0,1.0
VPL,0.006785072839752544,0.0,0.0,0.0,0.0,0.0,0.0,0.0,0.0,0.0,0.0,0.0,0.0,0.0,0.0,0.0,0.0,0.0,0.0,0.0,0.0,0.0,0.0,0.0,0.0,0.0,0.0,0.0,0.0,0.0,0.0005986828976252245,0.0,0.0,0.0,0.0,0.0,0.0,0.0,0.0,0.0,0.0,0.0,0.001995609658750748,0.5455996807024546,0.0,0.0,0.0,0.0,0.0,0.0,0.39852324885252444,0.004789463181001796,0.0,0.04170824186789064,0.0,1.0
MG-d,0.014587892049598834,0.0,0.0,0.0,0.0,0.0,0.0,0.0,0.0,0.0,0.0,0.0,0.0,0.0,0.0,0.0,0.0,0.0,0.0,0.0,0.0,0.0,0.0,0.0,0.0,0.0,0.0,0.0,0.0,0.19037199124726478,0.0,0.0,0.0,0.0,0.0,0.0,0.0,0.0,0.0,0.0,0.0,0.0,0.0036469730123997084,0.0,0.0,0.0,0.0,0.0,0.2815463165572575,0.09773887673231219,0.0,0.0,0.0,0.41210795040116704,0.0,1.0
MG-m,0.1817781690140845,0.0,0.0,0.0,0.0,0.0,0.0,0.0,0.0,0.0,0.0,0.0,0.0,0.0,0.0,0.0,0.0,0.0,0.0,0.0,0.0,0.0,0.0,0.0,0.0,0.0,0.0,0.0,0.0,0.0,0.0,0.0,0.0,0.0,0.0,0.0,0.0,0.0,0.0,0.0,0.0,0.0,0.009683098591549295,0.0,0.0,0.0,0.0,0.0,0.14656690140845072,0.0,0.0,0.0,0.0,0.6619718309859155,0.0,1.0
MG-v,0.002623688155922039,0.0,0.0,0.0,0.0,0.0,0.0,0.0,0.0,0.0,0.0,0.0,0.0,0.0,0.0,0.0,0.0,0.0,0.0,0.0,0.0,0.0,0.0,0.0,0.0,0.0,0.0,0.0,0.0,0.04985007496251874,0.0,0.0,0.0,0.0,0.0,0.0,0.0,0.0,0.0,0.0,0.0,0.0,0.006746626686656672,0.0003748125937031484,0.0,0.0,0.0,0.0,0.724512743628186,0.03673163418290855,0.0,0.04085457271364318,0.0,0.13830584707646176,0.0,1.0
MG-sg,0.2707275803722504,0.0,0.0,0.0,0.0,0.0,0.0,0.0,0.0,0.0,0.0,0.0,0.0,0.0,0.0,0.0,0.0,0.0,0.0,0.0,0.0,0.0,0.0,0.0,0.0,0.0,0.0,0.0,0.0,0.015228426395939087,0.0,0.0,0.0,0.0,0.0,0.0,0.0,0.0,0.0,0.0,0.0,0.0,0.00338409475465313,0.0,0.0,0.0,0.00338409475465313,0.0,0.008460236886632826,0.005076142131979695,0.0,0.0,0.0,0.6937394247038917,0.0,1.0
VLO,0.06142891624426744,0.0008447984552256819,0.0,0.0,0.0,0.0,0.07868694182959209,0.019309678976587013,0.6874245715664977,0.0,0.0002413709872073377,0.0,0.0,0.0,0.0,0.0,0.0,0.03186097031136857,0.0,0.0,0.0025343953656770456,0.0,0.023292300265508086,0.0,0.09304851556842868,0.0,0.0,0.0,0.0,0.0,0.0,0.0,0.0,0.0,0.0,0.0,0.0,0.0,0.0013275404296403572,0.0,0.0,0.0,0.0,0.0,0.0,0.0,0.0,0.0,0.0,0.0,0.0,0.0,0.0,0.0,0.0,0.9999999999999999
LO,0.024575116953869842,0.0,0.1692426126606265,0.0,0.0,0.0,0.0,0.006277017824361935,0.6351039260969977,0.0,0.0,0.0,0.0,0.0,0.0,0.0,0.0,0.08521347782317759,0.0,0.0,0.04411677621839285,0.0,0.012139515603718837,0.0,0.014034464380884704,0.0,0.0,0.0,0.0,0.0,0.0,0.0,0.0,0.0,0.0,0.0,0.0,0.0,0.00917865813939717,0.0001184342985728667,0.0,0.0,0.0,0.0,0.0,0.0,0.0,0.0,0.0,0.0,0.0,0.0,0.0,0.0,0.0,1.0
VO,0.04578688721083543,0.0,0.0,0.0,0.0,0.0,0.1663670142634544,0.0,0.4094450437492509,0.0,0.0,0.0,0.0,0.0,0.0,0.0,0.0,0.22533860721562987,0.0,0.0,0.0,0.009349154980222941,0.07287546446122498,0.0,0.02229413879899317,0.0,0.0,0.0,0.0,0.0,0.0,0.0,0.0,0.0,0.0,0.0,0.0,0.0,0.007551240560949299,0.040992448759439054,0.0,0.0,0.0,0.0,0.0,0.0,0.0,0.0,0.0,0.0,0.0,0.0,0.0,0.0,0.0,1.0
MO,0.02882527147087858,0.0,0.0,0.0,0.0,0.0,0.13445212240868706,0.0,0.6675222112537019,0.0,0.0,0.0,0.0,0.0,0.0,0.0,0.0,0.16386969397828233,0.0,0.0,0.0,0.004540967423494571,0.0007897334649555774,0.0,0.0,0.0,0.0,0.0,0.0,0.0,0.0,0.0,0.0,0.0,0.0,0.0,0.0,0.0,0.0,0.0,0.0,0.0,0.0,0.0,0.0,0.0,0.0,0.0,0.0,0.0,0.0,0.0,0.0,0.0,0.0,1.0
DLO,0.023027349889971706,0.0,0.7142408047783716,0.0,0.0,0.09823954731216598,0.0,0.09871109713926438,0.05745048726815467,0.0,0.0,0.0,0.0,0.006994655768626218,0.0,0.0,0.0,0.0013360578434454574,0.0,0.0,0.0,0.0,0.0,0.0,0.0,0.0,0.0,0.0,0.0,0.0,0.0,0.0,0.0,0.0,0.0,0.0,0.0,0.0,0.0,0.0,0.0,0.0,0.0,0.0,0.0,0.0,0.0,0.0,0.0,0.0,0.0,0.0,0.0,0.0,0.0,1.0
PrL,0.20187410877979223,0.014422489305357507,0.0,0.0,0.0,0.0,0.34740272968017927,0.0008148299042574863,0.12825422693012833,0.0,0.21800774088409045,0.0,0.0,0.0,0.0,0.0,0.0,0.08885720105927887,0.0,0.0,0.0,0.0,0.0,0.0,0.0002851904664901202,0.0,0.0,0.0,0.0,0.0,0.0,0.0,0.0,0.0,0.0,0.0,0.0,0.0,8.148299042574862e-05,0.0,0.0,0.0,0.0,0.0,0.0,0.0,0.0,0.0,0.0,0.0,0.0,0.0,0.0,0.0,0.0,1.0
M2,0.014237192187942258,0.058491367110104726,0.0011746391168978205,0.0,0.0,0.015242003962637985,7.076139258420605e-05,0.8367110104726861,0.018765921313331446,0.0,0.04753750353806963,0.0,0.0023351259552788,0.005434474950467025,0.0,0.0,0.0,0.0,0.0,0.0,0.0,0.0,0.0,0.0,0.0,0.0,0.0,0.0,0.0,0.0,0.0,0.0,0.0,0.0,0.0,0.0,0.0,0.0,0.0,0.0,0.0,0.0,0.0,0.0,0.0,0.0,0.0,0.0,0.0,0.0,0.0,0.0,0.0,0.0,0.0,1.0
Ma,0.13565014236694167,0.0,0.009053077316200628,0.0,0.0,0.22070526392640724,0.0,0.0005840695042710083,0.0,0.0,0.0,0.0,0.0,0.6326932905015696,0.0,0.0,0.0,0.0,0.0,0.0,0.0,0.0,0.0,0.0,0.0,0.0,0.0,0.0,0.0,0.0,0.0,0.0,0.0,0.0,0.0,0.0,0.0,0.0,0.0013141563846097686,0.0,0.0,0.0,0.0,0.0,0.0,0.0,0.0,0.0,0.0,0.0,0.0,0.0,0.0,0.0,0.0,1.0
M1,0.13854502890788495,0.0,0.0,0.0,0.0,0.042510552264746565,0.0,0.4199624020146845,0.00015961408860355408,0.0,0.0,0.0,0.0,0.3988224027240804,0.0,0.0,0.0,0.0,0.0,0.0,0.0,0.0,0.0,0.0,0.0,0.0,0.0,0.0,0.0,0.0,0.0,0.0,0.0,0.0,0.0,0.0,0.0,0.0,0.0,0.0,0.0,0.0,0.0,0.0,0.0,0.0,0.0,0.0,0.0,0.0,0.0,0.0,0.0,0.0,0.0,1.0
AI-v,0.04299955363785151,0.0,0.1595000743936914,0.0,0.0,0.00014878738282993602,0.0,0.0,0.12022020532658831,0.0,0.0,0.0,0.0,0.0,0.0,0.0,0.0,0.11397113524773099,0.0,0.0,0.5320636809998512,0.0,0.02544264246391906,0.0,0.005653920547537569,0.0,0.0,0.0,0.0,0.0,0.0,0.0,0.0,0.0,0.0,0.0,0.0,0.0,0.0,0.0,0.0,0.0,0.0,0.0,0.0,0.0,0.0,0.0,0.0,0.0,0.0,0.0,0.0,0.0,0.0,1.0
AI-d,0.05674740484429066,0.0,0.4465974625144175,0.0,0.0,0.06320645905420992,0.0,0.0,0.004382929642445213,0.0,0.0,0.0,0.0,0.00657439446366782,0.0,0.0,0.0,0.18408304498269895,0.0,0.0,0.2005767012687428,0.0,0.02964244521337947,0.0,0.008189158016147636,0.0,0.0,0.0,0.0,0.0,0.0,0.0,0.0,0.0,0.0,0.0,0.0,0.0,0.0,0.0,0.0,0.0,0.0,0.0,0.0,0.0,0.0,0.0,0.0,0.0,0.0,0.0,0.0,0.0,0.0,1.0
Cg1,0.059897097369187455,0.5621298903019124,0.0,0.0,0.0,0.0,0.010532957965246092,0.3386079021454228,0.0,0.0,0.02883215221823124,0.0,0.0,0.0,0.0,0.0,0.0,0.0,0.0,0.0,0.0,0.0,0.0,0.0,0.0,0.0,0.0,0.0,0.0,0.0,0.0,0.0,0.0,0.0,0.0,0.0,0.0,0.0,0.0,0.0,0.0,0.0,0.0,0.0,0.0,0.0,0.0,0.0,0.0,0.0,0.0,0.0,0.0,0.0,0.0,1.0
CLA,0.30484892534523933,0.0,0.00010383137784238397,0.0,0.0,0.0,0.0,0.0,0.003737929602325823,0.0,0.0,0.0,0.0,0.0,0.0,0.0,0.0,0.10414287197591111,0.0,0.0,0.2713113903021493,0.0,0.0,0.0,0.19198421763056797,0.0,0.0,0.0,0.0,0.0,0.0,0.0,0.0,0.0,0.0,0.0,0.0,0.0,0.12096355518637732,0.002907278579586751,0.0,0.0,0.0,0.0,0.0,0.0,0.0,0.0,0.0,0.0,0.0,0.0,0.0,0.0,0.0,1.0
IL,0.17860269655051655,0.0,0.0,0.0,0.0,0.0,0.0,0.0,0.0,0.0,0.0,0.0,0.0,0.0,0.0,0.0,0.0,0.44370513045000876,0.0,0.0,0.0,0.2654526352652775,0.0,0.0,0.0,0.0,0.0,0.0,0.0,0.0,0.0,0.0,0.0,0.0,0.0,0.0,0.07739450183855717,0.0,0.031343022237786726,0.003502013657853266,0.0,0.0,0.0,0.0,0.0,0.0,0.0,0.0,0.0,0.0,0.0,0.0,0.0,0.0,0.0,1.0
DI,0.08651474215905086,0.0,0.1577587219546576,0.0,0.03247973687301774,0.005168565723011864,0.0,0.0,0.0,0.002408081757312346,0.0,0.0,0.0,0.0,0.0,0.0,0.0,0.6414307529660519,0.0,0.0,0.031187595442264772,0.0,0.0035240220838717255,0.0,0.03946904733936333,0.0,0.0,0.0,0.0,0.0,0.0,0.0,0.0,0.0,0.0,0.0,0.0,0.0,5.8733701397862095e-05,0.0,0.0,0.0,0.0,0.0,0.0,0.0,0.0,0.0,0.0,0.0,0.0,0.0,0.0,0.0,0.0,0.9999999999999999
GI,0.0726109857035365,0.0,0.45629546024579887,0.008339603712064209,0.023890142964635062,0.0,0.0,0.0,0.0,0.0,0.0,0.0,0.0,0.0,0.081891146225232,0.0,0.0,0.28210433910208177,0.0,0.0,0.0,0.0,0.0,0.0,0.07424128417356408,0.0,0.0,0.0,0.0,0.0,0.0,0.0,0.0,0.0,0.0,0.0,0.0,0.0,0.0006270378730875344,0.0,0.0,0.0,0.0,0.0,0.0,0.0,0.0,0.0,0.0,0.0,0.0,0.0,0.0,0.0,0.0,1.0
S1-fl,0.12887686223200215,0.0,0.0,0.0,0.0,0.0,0.0,0.0,0.0,0.0,0.0,0.0,0.0,0.8710636652888876,0.0,0.0,0.0,0.0,0.0,0.0,0.0,0.0,0.0,0.0,0.0,0.0,0.0,0.0,0.0,0.0,0.0,0.0,0.0,0.0,0.0,0.0,0.0,0.0,5.947247911029171e-05,0.0,0.0,0.0,0.0,0.0,0.0,0.0,0.0,0.0,0.0,0.0,0.0,0.0,0.0,0.0,0.0,1.0
S1-dz,0.1455725544738062,0.0,0.0,0.0,0.0,0.0,0.0,0.0,0.0,0.0,0.0,0.0,0.0,0.8544274455261938,0.0,0.0,0.0,0.0,0.0,0.0,0.0,0.0,0.0,0.0,0.0,0.0,0.0,0.0,0.0,0.0,0.0,0.0,0.0,0.0,0.0,0.0,0.0,0.0,0.0,0.0,0.0,0.0,0.0,0.0,0.0,0.0,0.0,0.0,0.0,0.0,0.0,0.0,0.0,0.0,0.0,1.0
S1-f,0.05916929352864825,0.0,0.08574077507880586,0.0,0.0,0.14047839792323383,0.0,0.0,0.0,0.0,0.0,0.0,0.0,0.7096977563508251,0.0,0.0,0.0,0.0,0.0,0.0,0.0,0.0,0.0,0.0,0.004542926015204896,0.0,0.0,0.0,0.0,0.0,0.0,0.0,0.0,0.0,0.0,0.0,0.0,0.0,0.0003708511032820323,0.0,0.0,0.0,0.0,0.0,0.0,0.0,0.0,0.0,0.0,0.0,0.0,0.0,0.0,0.0,0.0,1.0
S2,0.057043429189494226,0.0,0.16757976909873262,0.25342707329116604,0.0,0.15899739001622423,0.0,0.0,0.0,0.0,0.0,0.0,0.0,0.18627289614145642,0.01483693479743234,0.0,0.15615227256695433,0.0009170213266241859,0.0,0.0,0.0,0.0,0.0,0.0,0.004773213571915634,0.0,0.0,0.0,0.0,0.0,0.0,0.0,0.0,0.0,0.0,0.0,0.0,0.0,0.0,0.0,0.0,0.0,0.0,0.0,0.0,0.0,0.0,0.0,0.0,0.0,0.0,0.0,0.0,0.0,0.0,1.0
S1-hl,0.16923630691703162,0.0,0.0,0.0,0.0,0.0,0.0,0.06743055972163897,0.0,0.0,0.0,0.0,0.0,0.7633331333613295,0.0,0.0,0.0,0.0,0.0,0.0,0.0,0.0,0.0,0.0,0.0,0.0,0.0,0.0,0.0,0.0,0.0,0.0,0.0,0.0,0.0,0.0,0.0,0.0,0.0,0.0,0.0,0.0,0.0,0.0,0.0,0.0,0.0,0.0,0.0,0.0,0.0,0.0,0.0,0.0,0.0,1.0
AI-p,0.10740103270223753,0.0,0.0,0.0,0.009523809523809525,0.0,0.0,0.0,0.0,0.07389558232931727,0.0,0.0,0.0,0.0,0.0,0.0,0.0,0.3987378083763626,0.0,0.0,0.30625358577165807,0.0,0.07389558232931727,0.0,0.029948364888123923,0.0,0.0,0.0,0.0,0.0,0.0,0.0,0.0,0.0,0.0,0.0,0.0,0.0,0.00034423407917383823,0.0,0.0,0.0,0.0,0.0,0.0,0.0,0.0,0.0,0.0,0.0,0.0,0.0,0.0,0.0,0.0,1.0
S1-bf,0.08110699220247987,0.0,0.0,0.11662192679705143,0.0,0.0,0.0,0.0,0.0,0.0,0.0,0.0,0.0,0.8022710810004687,0.0,0.0,0.0,0.0,0.0,0.0,0.0,0.0,0.0,0.0,0.0,0.0,0.0,0.0,0.0,0.0,0.0,0.0,0.0,0.0,0.0,0.0,0.0,0.0,0.0,0.0,0.0,0.0,0.0,0.0,0.0,0.0,0.0,0.0,0.0,0.0,0.0,0.0,0.0,0.0,0.0,1.0
RSD,0.45133221486052266,0.02542155998521341,0.0,0.0,5.687149884835215e-05,0.0,0.0,0.04268205988568829,0.0,0.0,0.0,0.003867261921687946,0.3381294964028777,0.0,0.0,0.13032103961099895,0.0,0.0030426251883868397,0.0,0.0,0.0,0.0,0.0,0.0,0.0,0.0,0.0024454744504791423,0.002701396195296727,0.0,0.0,0.0,0.0,0.0,0.0,0.0,0.0,0.0,0.0,0.0,0.0,0.0,0.0,0.0,0.0,0.0,0.0,0.0,0.0,0.0,0.0,0.0,0.0,0.0,0.0,0.0,1.0
S1-tr,0.08853277288848023,0.0,0.0,0.2521345067647445,0.0,0.0,0.0,0.014711677393931434,0.0,0.0,0.0,0.011624852226454749,0.0,0.632996190726389,0.0,0.0,0.0,0.0,0.0,0.0,0.0,0.0,0.0,0.0,0.0,0.0,0.0,0.0,0.0,0.0,0.0,0.0,0.0,0.0,0.0,0.0,0.0,0.0,0.0,0.0,0.0,0.0,0.0,0.0,0.0,0.0,0.0,0.0,0.0,0.0,0.0,0.0,0.0,0.0,0.0,1.0
RSG,0.3754576330995545,0.039036654757178775,0.0,0.0,0.0,0.0,0.0,0.0007057474306382604,0.0,0.0,0.0,0.0,0.5579374531339597,0.0,0.0,0.017048211371355475,0.0,0.0008601296810903798,0.0,0.0,0.0,0.0,0.0,0.0,0.0,0.0,0.0,0.008314586917207005,0.0,0.0006395836090159234,0.0,0.0,0.0,0.0,0.0,0.0,0.0,0.0,0.0,0.0,0.0,0.0,0.0,0.0,0.0,0.0,0.0,0.0,0.0,0.0,0.0,0.0,0.0,0.0,0.0,1.0
lPPC,0.06490675708403972,0.0,0.0,0.0,0.0,0.0,0.0,0.0,0.0,0.0,0.0,0.22838459675466213,0.0,0.7067086461612981,0.0,0.0,0.0,0.0,0.0,0.0,0.0,0.0,0.0,0.0,0.0,0.0,0.0,0.0,0.0,0.0,0.0,0.0,0.0,0.0,0.0,0.0,0.0,0.0,0.0,0.0,0.0,0.0,0.0,0.0,0.0,0.0,0.0,0.0,0.0,0.0,0.0,0.0,0.0,0.0,0.0,1.0
mPPC,0.10336787564766839,0.0,0.0,0.0,0.0,0.0,0.0,0.07538860103626943,0.0,0.0,0.0,0.35414507772020726,0.0,0.46709844559585495,0.0,0.0,0.0,0.0,0.0,0.0,0.0,0.0,0.0,0.0,0.0,0.0,0.0,0.0,0.0,0.0,0.0,0.0,0.0,0.0,0.0,0.0,0.0,0.0,0.0,0.0,0.0,0.0,0.0,0.0,0.0,0.0,0.0,0.0,0.0,0.0,0.0,0.0,0.0,0.0,0.0,1.0
PtP,0.019550909794812235,0.0,0.0,0.2965543941153697,0.0,0.0,0.0,0.0,0.0,0.0,0.0,0.3975996902826171,0.0,0.24661246612466126,0.0,0.03968253968253968,0.0,0.0,0.0,0.0,0.0,0.0,0.0,0.0,0.0,0.0,0.0,0.0,0.0,0.0,0.0,0.0,0.0,0.0,0.0,0.0,0.0,0.0,0.0,0.0,0.0,0.0,0.0,0.0,0.0,0.0,0.0,0.0,0.0,0.0,0.0,0.0,0.0,0.0,0.0,0.9999999999999999
V1,0.1505399923249822,0.0,0.0,0.0,0.0022842314931564426,0.0,0.0,0.0,0.0,0.0,0.0,0.02801381503207061,0.003837508908502823,0.0028507209034592403,5.4821555835754616e-05,0.8124189097819929,0.0,0.0,0.0,0.0,0.0,0.0,0.0,0.0,0.0,0.0,0.0,0.0,0.0,0.0,0.0,0.0,0.0,0.0,0.0,0.0,0.0,0.0,0.0,0.0,0.0,0.0,0.0,0.0,0.0,0.0,0.0,0.0,0.0,0.0,0.0,0.0,0.0,0.0,0.0,1.0
V2L,0.053186764379302684,0.0,0.0,0.03580946035976016,0.039029535864978905,0.0,0.0,0.0,0.0,0.0,0.0,0.22262935820564067,0.0,0.0007217410615145459,0.2842549411503442,0.3643681989784588,0.0,0.0,0.0,0.0,0.0,0.0,0.0,0.0,0.0,0.0,0.0,0.0,0.0,0.0,0.0,0.0,0.0,0.0,0.0,0.0,0.0,0.0,0.0,0.0,0.0,0.0,0.0,0.0,0.0,0.0,0.0,0.0,0.0,0.0,0.0,0.0,0.0,0.0,0.0,1.0
TeA,0.15251671502459946,0.0,0.0,0.0,0.41295572095370253,0.0,0.0,0.0,0.0,0.0,0.0,0.0,0.0,0.0,0.43446448845717167,6.307556452630251e-05,0.0,0.0,0.0,0.0,0.0,0.0,0.0,0.0,0.0,0.0,0.0,0.0,0.0,0.0,0.0,0.0,0.0,0.0,0.0,0.0,0.0,0.0,0.0,0.0,0.0,0.0,0.0,0.0,0.0,0.0,0.0,0.0,0.0,0.0,0.0,0.0,0.0,0.0,0.0,1.0
V2M,0.13139418254764293,0.0,0.0,0.0,0.0,0.0,0.0,0.04123910192114806,0.0,0.0,0.0,0.13675642311550035,0.24639302522953477,0.0027389861893372426,0.0,0.44147828099683667,0.0,0.0,0.0,0.0,0.0,0.0,0.0,0.0,0.0,0.0,0.0,0.0,0.0,0.0,0.0,0.0,0.0,0.0,0.0,0.0,0.0,0.0,0.0,0.0,0.0,0.0,0.0,0.0,0.0,0.0,0.0,0.0,0.0,0.0,0.0,0.0,0.0,0.0,0.0,1.0
Endo,0.021973694573521305,0.0,0.0,0.0,0.0,0.0,0.0,0.0,0.0,0.0025990391431046705,0.0,0.0,0.0,0.0,0.0,0.0,0.0,0.0018902102858943056,0.0,0.0,0.8900527683704812,0.0,0.03827675828935969,0.0,0.0025202803811924077,0.015279199810978972,0.0,0.0,0.0,0.0,0.0,0.0,0.0,0.0,0.0,0.0,0.0,0.0,0.013388989525084665,0.014019059620382768,0.0,0.0,0.0,0.0,0.0,0.0,0.0,0.0,0.0,0.0,0.0,0.0,0.0,0.0,0.0,1.0
Am-u,0.08114647774895231,0.0,0.0,0.0,0.0005363200957892636,0.0,0.0,0.0,0.0,0.007695569746557574,0.0,0.0,0.0,0.0,0.0,0.0,0.0,0.005325783276791059,0.5374800439034125,0.09834613849531032,0.1492466573538216,0.0,0.03494811414887248,0.026042706046697266,0.0007358810616643384,0.009204749550987826,0.0,0.0,0.0,0.016763121133506285,0.0,0.0,0.0,0.0,0.0,0.0003118140091798044,0.0,0.00019956096587507485,0.03042057473558172,0.0,0.0,0.0015964877270005988,0.0,0.0,0.0,0.0,0.0,0.0,0.0,0.0,0.0,0.0,0.0,0.0,0.0,1.0
NLOT,0.17698343504795117,0.0,0.0,0.0,0.0,0.0,0.0,0.0,0.0,0.0,0.0,0.0,0.0,0.0,0.0,0.0,0.0,0.0,0.7041557686718977,0.0,0.0,0.0,0.11886079628015112,0.0,0.0,0.0,0.0,0.0,0.0,0.0,0.0,0.0,0.0,0.0,0.0,0.0,0.0,0.0,0.0,0.0,0.0,0.0,0.0,0.0,0.0,0.0,0.0,0.0,0.0,0.0,0.0,0.0,0.0,0.0,0.0,1.0
AOA-u,0.08771136119436747,0.0,0.0013572357631623593,0.0,0.0,0.0,0.0,0.0,0.02284680201323305,0.0,0.0,0.0,0.0,0.0,0.0,0.0,0.0,0.004354464740145903,0.0,0.0,0.005202737092122377,0.0,0.878470847706837,0.0,0.0,0.0,0.0,0.0,0.0,0.0,0.0,0.0,0.0,0.0,0.0,0.0,0.0,0.0,0.0,0.0,0.0,0.0,0.0,0.0,0.0,0.0,0.0,0.0,0.0,0.0,0.0,0.0,0.0,0.0,5.6551490131764975e-05,0.9999999999999999
