source,A1/A2,A10,A11,A13L,A13M,A13a,A13b,A14C,A14R,A19DI,A19M,A23V,A23a,A23b,A23c,A24a,A24b,A24c,A24d,A25,A29a-c,A29d,A30,A31,A32,A32V,A35,A36,A3a,A3b,A45,A46D,A46V,A47L,A47M,A47O,A4ab,A4c,A6DC,A6DR,A6M,A6Va,A6Vb,A8C,A8aD,A8Av,A8b,A9,AI,AIP,Apri,AuA1,AuAL,AuCL,AuCM,AuCPB,AuML,AuR,AuRM,AuRPB,AuRT,AuRTL,AuRTM,DI,Ent,FST,GI,Gu,Ipro,LIP,MIP,MST,OPAl,OPro,OPt,PE,PEC,PF,PFG,PG,PGM,Pga-IPa,PaIL,PaIM,Pir,ProM,ProSt,ReI,S2E,S2I,S2PR,S2PV,STR,TE1,TE2,TE3,TEO,TF,TFO,TH,TL,TLO,TPO,TPPro,Tpro,TPt,V1,V2,V3,V3A,V4,V4T,V5,V6,V6A,VIP
A1/A2,0.0,1.9159290339885808e-05,8.850340738118418e-05,0,0,0,0,0,0,0.0001319435281699,0.0,0,0.0006232748642151,0.0012341089156858,0.0175431991868388,0,0,0,0.0028148259973735,0,0,0,0,0,0.0,0.0,0,0,0.0999028035025424,0.5031507725110305,0.0015679801939343,0.0,0,0.0014046603699925,0,0,0.0734250309642156,0.1227697536108751,0.0328057402588203,0.0006818723006477,0.0062270111955706,0.1172135986457469,0,0.0003552438577191,0.0,0.0012071046671488,0.0010850140413581,0.0,0,0.0015844800445155,0,0.0,0,0,0.0041312559017941,0.0,4.9107534626400926e-05,0,0,0,6.217959045047141e-05,0,0,0,0,0,0,0,0,0.0,0.0,0.0003861252332839,0,0,0.0003080526499551,0.2349088838268793,4.0130021268911264e-05,0.1536105367945478,0.0458576090546106,0.0014220376146138,3.099045493987852e-05,0.0017570832418185,0,0,0,0,0,0,0.1715067068871665,0,0,0,0,0,0,0.0,0.0,0,0,0,0,0,5.001000200040008e-05,0,0,0,0.0,0.0,0,0.0,0.0,0.0001476232654266,0.0003006872852233,0.0,0,0
A10,0.0,0.0,0.3777325427028941,0,0,0,0,0,0,0.0,0.0005903187721369,0,0.0047381574991809,0.0013368351260764,0.0,0,0,0,0.0,0,0,0,0,0,0.0844768439108061,0.2746098348778941,0,0,0.0,0.0,0.0187332370538477,0.300273550567025,0,0.0887190890120132,0,0,0.0,0.0,0.0,0.0031725192590787,0.0,0.0007255990529452,0,5.72973964063073e-05,0.0296079136830961,0.0031390266166274,0.0160801415909134,0.07396945891076,0,0.0045623732674092,0,0.0,0,0,0.0038309071700371,0.0113890129522108,0.0178167709290002,0,0,0,8.9156409244839e-05,0,0,0,0,0,0,0,0,0.0,0.0,0.0,0,0,0.0001048327916972,0.0,0.0,0.0,0.0005636978579481,0.0006403273387368,0.0007143844771166,0.0164726553920491,0,0,0,0,0,0,0.0006076470038328,0,0,0,0,0,0,0.0447936588938883,0.0,0,0,0,0,0,0.033933218268872,0,0,0,0.0,0.0,0,0.0,0.0001469024783779,0.0,0.0,0.0,0,0
A11,0.0,0.061765402459495,0.0,0,0,0,0,0,0,0.0,0.0082644628099173,0,0.0128193480265151,0.0006436336916277,0.0,0,0,0,3.666226719460332e-05,0,0,0,0,0,0.0064322469982847,0.0441331844115072,0,0,0.0,0.0,0.0060243449556426,0.0041764847066683,0,0.0250468495184207,0,0,0.0,0.0,0.0,0.0040017209647218,0.0001957713390759,0.0002418663509817,0,0.0004812981298129,0.0215970764518073,0.001422440967971,0.0089527807025089,0.0390149174684438,0,0.0047534314423681,0,0.0,0,0,0.0,0.0,0.0005298614790704,0,0,0,0.0,0,0,0,0,0,0,0,0,8.852691218130312e-05,0.0,0.0001930626166419,0,0,0.0001278181270532,0.0,0.0,0.0,7.923302432453847e-05,0.0004118210021305,0.0037872701249403,0.0007687239182956,0,0,0,0,0,0,0.0,0,0,0,0,0,0,0.0315263134947385,0.0001228400622389,0,0,0,0,0,0.0011522657394729,0,0,0,0.0,0.0,0,0.0,0.0001738058951118,0.0,0.0,0.0,0,0
A13L,0.0,0.0226435549417037,0.0269935392512611,0,0,0,0,0,0,0.0001319435281699,0.0,0,0.0013753926422247,0.0011365905160518,0.0,0,0,0,0.0006965830766974,0,0,0,0,0,0.0066466552315608,0.000392429136354,0,0,0.0,1.233836738722732e-05,0.0622240561171858,0.000283060095558,0,0.031956778292824,0,0,0.0,0.0,5.956635692161067e-05,0.0014877712331126,0.0056984933599249,0.004371225846892,0,0.0020343769349612,0.0059021747365384,0.0108198974886885,0.0093576971107668,0.0026480713213875,0,0.0086162952155514,0,0.0,0,0,0.0,0.0002233139794551,0.0023764189307158,0,0,0,4.2703118029156375e-05,0,0,0,0,0,0,0,0,0.0,0.0,0.0007078962610206,0,0,0.0001278181270532,0.0,0.0,0.0031395972126502,0.0003565486094604,0.000831515974288,0.0003941373972196,0.0017570832418185,0,0,0,0,0,0,0.0003528516375971,0,0,0,0,0,0,0.007188940521207,0.0002866268118909,0,0,0,0,0,0.003251399963861,0,0,0,0.0,0.0,0,0.0,0.0010012006691796,0.0002214348981399,0.0,0.0,0,0
A13M,0.0,0.0264927565971834,0.0334985396937782,0,0,0,0,0,0,0.0,0.0005903187721369,0,0.0005639153533374,0.0002800888052277,0.0,0,0,0,0.0002566358703622,0,0,0,0,0,0.0188679245283018,0.0102031575452048,0,0,0.0,0.0,0.003672374664741,0.000370572649703,0,0.0048556077605699,0,0,0.0,0.0,0.0,0.0008042922277191,8.662508662508664e-05,0.0005155393177395,0,0.0004240007334066,0.0016379672024447,0.0009642638958227,0.0065403224569062,0.0240091799805808,0,0.0012102436963549,0,0.0,0,0,7.869058860560277e-05,0.0006699419383653,0.0014512277717718,0,0,0,6.592976363699768e-05,0,0,0,0,0,0,0,0,0.0,0.0,0.0008366046721153,0,0,2.298533535604285e-05,0.0,0.0,0.0002680143962018,0.000841013443084,0.0003100786440876,0.0004227496843264,0.013287942016253,0,0,0,0,0,0,0.0004463357920329,0,0,0,0,0,0,0.023789567853665,0.0,0,0,0,0,0,0.0077351834550688,0,0,0,0.0,0.0,0,0.0,2.669015400218859e-05,0.0,0.0,0.0,0,0
A13a,0.0,0.0011104043440482,0.0049561908133463,0,0,0,0,0,0,0.0,0.0,0,0.0,0.0,0.0,0,0,0,0.0,0,0,0,0,0,0.0002144082332761,0.0049808313460319,0,0,0.0,0.0,0.0,0.0,0,0.0,0,0,0.0,0.0,0.0,0.0,0.0,0.0,0,0.0,0.0,0.0,5.582947663035332e-05,0.0015888427928325,0,0.0,0,0.0,0,0,0.0,0.0,4.77520712460903e-05,0,0,0,0.0,0,0,0,0,0,0,0,0,0.0,0.0007662835249042,0.0,0,0,0.0,0.0,0.0,3.828777088597902e-05,0.0,0.0,0.0,0.0005490885130683,0,0,0,0,0,0,0.0,0,0,0,0,0,0,0.0038545218299301,0.0,0,0,0,0,0,0.0002156028243042,0,0,0,0.0,0.0,0,0.0,0.0,0.0,0.0,0.0,0,0
A13b,0.0,0.0298808394291524,0.022347110363749,0,0,0,0,0,0,0.0,0.0,0,0.0,6.3438895655704425e-06,0.0,0,0,0,0.0,0,0,0,0,0,0.0015008576329331,0.0227005161952485,0,0,0.0,0.0,0.0002475758200949,6.246616416107942e-05,0,9.37188202614342e-05,0,0,0.0,0.0,0.0,2.792204165968616e-05,0.0,0.0,0,0.0,0.0,0.0,0.0016953034184584,0.0022067261011563,0,3.526590492312033e-05,0,0.0,0,0,0.0,0.0,0.0,0,0,0,0.0,0,0,0,0,0,0,0,0,0.0,0.0,0.0,0,0,0.0,0.0,0.0,0.0,0.0,4.589893055491807e-06,0.0,0.0001098177026136,0,0,0,0,0,0,0.0,0,0,0,0,0,0,0.0020472761637315,0.0,0,0,0,0,0,1.5053892936713434e-05,0,0,0,0.0,0.0,0,0.0,0.0,0.0,0.0,0.0,0,0
A14C,0.0,0.0012967093410317,0.0030091158509602,0,0,0,0,0,0,0.0,0.0,0,0.0,0.0,0.0,0,0,0,0.0,0,0,0,0,0,0.0070754716981132,0.0255984544329399,0,0,0.0,0.0,0.0,0.0,0,0.0,0,0,0.0,0.0,0.0,0.0,0.0,0.0,0,0.0,0.0,1.4732965009208102e-05,0.0001050190000702,0.0,0,0.0,0,0.0,0,0,0.0,0.0,0.0,0,0,0,0.0,0,0,0,0,0,0,0,0,0.0,0.0,0.0,0,0,0.0,0.0,0.0,0.0,0.0,0.0,0.0,0.0,0,0,0,0,0,0,0.0,0,0,0,0,0,0,0.000163171527301,0.0,0,0,0,0,0,5.001000200040008e-05,0,0,0,0.0,0.0,0,0.0,0.0,0.0,0.0,0.0,0,0
A14R,0.0,0.0610589031655112,0.0426586423577307,0,0,0,0,0,0,0.0,0.0,0,2.9679755438815187e-05,6.3438895655704425e-06,0.0,0,0,0,0.0,0,0,0,0,0,0.0988421955403087,0.3149696622090742,0,0,0.0,1.233836738722732e-05,4.126263668248401e-05,0.0002082205472035,0,7.611628549642805e-05,0,0,0.0,0.0,0.0,2.792204165968616e-05,0.0,0.0,0,0.0,0.0,0.0,0.0011640111946038,0.0022067261011563,0,2.053725457980777e-05,0,0.0,0,0,0.0,0.0,7.569449701006738e-05,0,0,0,0.0,0,0,0,0,0,0,0,0,0.0,0.0,0.0,0,0,0.0001048327916972,0.0,0.0,0.0,0.0,0.0,0.0,0.0001098177026136,0,0,0,0,0,0,0.0,0,0,0,0,0,0,0.0066487373403712,0.0,0,0,0,0,0,0.0003161317516709,0,0,0,0.0,0.0,0,0.0,0.0,0.0,0.0,0.0,0,0
A19DI,0.0,0.0,0.0,0,0,0,0,0,0,0.0,0.0053128689492325,0,0.0143446081807966,0.0004640748798868,0.0,0,0,0,0.0,0,0,0,0,0,0.0,0.0,0,0,0.0,0.0,0.0014441922838869,0.0,0,0.0083143730483493,0,0,0.0,0.0,0.0,0.0010335670168472,0.0,0.0,0,0.0010313531353135,0.0,0.0065104669211718,0.0,0.0,0,0.0015317883268829,0,0.0,0,0,0.0,0.0,0.0,0,0,0,0.0,0,0,0,0,0,0,0,0,0.0509915014164305,0.0122605363984674,0.0002574168221893,0,0,0.0211080799576612,0.0,0.0,0.0,0.0,0.0019143191316186,0.0005578281889178,0.0,0,0,0,0,0,0,0.0,0,0,0,0,0,0,0.0,0.0007779870608467,0,0,0,0,0,0.0,0,0,0,0.0305655572375231,0.0461205695438304,0,0.0538611792374624,0.0134479672702357,0.0102858860680512,0.0080675778283978,0.0267569763195356,0,0
A19M,0.0,0.0,0.0,0,0,0,0,0,0,0.0,0.0,0,0.0274252108295215,0.0411691276947324,0.0,0,0,0,0.0,0,0,0,0,0,0.0,0.0,0,0,3.3402364887434026e-05,0.0,0.0,0.0025819347853246,0,0.0013279151736364,0,0,5.842827928717499e-05,0.0,0.0,0.0073569644900316,0.0,0.0009860050890585,0,0.0035989152193907,0.0055822210085587,0.0142343224879263,0.0009554154546569,0.0,0,0.0035996166703615,0,0.0,0,0,0.000393452943028,0.0,0.000726291617576,0,0,0,0.0,0,0,0,0,0,0,0,0,0.0155636961523627,0.0,0.0302464766072462,0,0,0.0091881799791227,0.0,0.0372406597375496,0.0,0.0041960005277437,0.020927658544163,0.1999743569232784,0.0,0,0,0,0,0,0,0.0001382361072712,0,0,0,0,0,0,0.0001586141045853,0.0,0,0,0,0,0,0.0080666642150011,0,0,0,0.0166078264831436,0.0144717671701137,0,0.0089472114524306,0.0167510712894429,9.190331770976932e-05,0.0467450529036509,0.0079648751515516,0,0
A23V,0.0,0.0019475854573589,0.0048676874059651,0,0,0,0,0,0,0.0,0.3659976387249115,0,0.0555346495250236,0.0084443314566385,0.0,0,0,0,0.0,0,0,0,0,0,0.0002144082332761,0.0004226159929966,0,0,0.0,0.0,0.0,0.0083617177054606,0,0.0023128371779973,0,0,0.0,0.0,0.0,0.0014753701626687,0.0,0.0,0,4.583791712504584e-05,0.005705334157335,0.0008884431562156,0.0046171240043806,0.0015888427928325,0,5.58031595029281e-05,0,0.0,0,0,0.0024394082467736,0.0,0.0057432935291029,0,0,0,0.0,0,0,0,0,0,0,0,0,0.0491528016066179,0.0,0.0101679644764785,0,0,0.002659002581408,0.0,0.0,0.0,0.0,0.014117704086889,0.0822392033022921,0.0,0,0,0,0,0,0,0.0,0,0,0,0,0,0,0.0022182491342039,0.0,0,0,0,0,0,0.0229517782884571,0,0,0,0.0004430608809276,0.0005690259022307,0,7.456009543692215e-05,2.669015400218859e-05,0.0,0.0092968564825759,0.0001905850962454,0,0
A23a,0.0008601739462869,0.0039883237603939,0.0017700681476236,0,0,0,0,0,0,0.0001319435281699,0.0153482880755608,0,0.0,0.1447922939153308,0.0698339795956782,0,0,0,0.0257857273913975,0,0,0,0,0,0.0,0.0001207474265704,0,0,0.0014776175629818,0.0,4.126263668248401e-05,0.0335120928461873,0,0.0043974589383179,0,0,0.0057023178380858,0.0004248088360237,0.0047762006735255,0.0188485875389019,0.0129724776043797,0.0015652518414081,0,0.0023491932526585,0.0786374278457454,0.0005476759261439,0.0290798575187802,0.0407802983493688,0,0.000702206656592,0,0.0,0,0,0.0048197985520931,0.0,0.0095980795708078,0,0,0,1.947647242131505e-05,0,0,0,0,0,0,0,0,0.025730159996808,0.0,0.0030246476607246,0,0,0.0024218529079547,0.0048405466970387,8.026004253782253e-05,0.0002680143962018,0.0141273286313401,0.007173594062623,0.0779572628414335,0.0006589062156819,0,0,0,0,0,0,0.0139907294837108,0,0,0,0,0,0,0.002068889112315,0.0,0,0,0,0,0,0.022164850263965,0,0,0,0.0,0.0002106371774618,0,0.0001353912808015,2.669015400218859e-05,7.381163271331562e-05,0.0,0.0001583531274742,0,0
A23b,0.0005734492975246,0.000338584336612,0.0006637755553588,0,0,0,0,0,0,0.0,0.0596221959858323,0,0.1467231430182752,0.0,0.2383766893799646,0,0,0,0.0749904737713401,0,0,0,0,0,0.0,6.037371328523561e-05,0,0,0.0118487081479761,0.0,0.0001650505467299,0.0088825686950666,0,0.0033495316503627,0,0,0.0295394475021137,0.0,0.0160185475341977,0.0765937814037929,0.0089842666192078,0.0030348954293723,0,0.010212312214828,0.1107686184564353,0.0024364765974199,0.0071905478856703,0.001059228528555,0,0.001030802729869,0,0.0,0,0,0.0014557758892036,0.0,0.0014102530174273,0,0,0,1.947647242131505e-05,0,0,0,0,0,0,0,0,0.0014392896567317,0.0,0.0016088551386833,0,0,0.0025221869449492,0.005125284738041,0.006741843573177,0.0,0.0491382760984158,0.0074381156223344,0.1369035105865091,0.0,0,0,0,0,0,0,0.0293971714232922,0,0,0,0,0,0,4.336513443191674e-05,0.0,0,0,0,0,0,0.0079975018307087,0,0,0,0.0,4.624427149086908e-06,0,0.0,0.0,0.0,0.000496391250665,0.0,0,0
A23c,0.0004141578259899,0.0,4.425170369059209e-05,0,0,0,0,0,0,0.0,0.0,0,0.0008476756654592,0.0041410176046765,0.0,0,0,0,0.0697503323017111,0,0,0,0,0,0.0,0.0,0,0,0.0089460583363669,0.0,0.0007014648236022,8.328821888143922e-05,0,0.0,0,0,0.0181253457331853,0.0,0.0016968602791311,0.0004684102743649,0.0028477638512324,0.0,0,0.0007219471947194,0.0001419647927314,9.363295880149812e-05,0.0001414058607424,0.0,0,0.0,0,0.0,0,0,5.9017941454202073e-05,0.0,0.0,0,0,0,0.0,0,0,0,0,0,0,0,0,0.0,0.0,0.0,0,0,0.0,0.0296127562642369,0.0,0.0,0.0005636978579481,0.0,3.099045493987852e-05,0.0,0,0,0,0,0,0,0.0077879640844061,0,0,0,0,0,0,0.0,0.0,0,0,0,0,0,6.021557174685374e-05,0,0,0,0.0,0.0,0,0.0,0.0,0.0,0.0,0.0,0,0
A24a,0.0,0.0004903995186696,0.0052217010354898,0,0,0,0,0,0,0.0,0.0,0,0.0002374380435105,0.0001500829869498,0.0,0,0,0,0.0004766094735298,0,0,0,0,0,0.0358061749571183,0.0012376611223473,0,0,0.0,0.0,0.0002475758200949,0.0001249323283221,0,0.0002668910946932,0,0,3.1017369727047146e-05,0.0,0.0,0.0011126767793536,0.0003500325000746,0.0,0,0.0006761092775944,0.0004905567819475,8.955926110755124e-05,0.0198251074266873,0.0172124635890193,0,0.0007932757210181,0,0.0,0,0,1.967264715140069e-05,0.0,0.0,0,0,0,0.0,0,0,0,0,0,0,0,0,8.852691218130312e-05,0.0,0.0,0,0,0.0004919353328035,0.0,0.0,0.0016080863772111,0.0002376990729736,0.00092746794784,0.0,0.0001098177026136,0,0,0,0,0,0,5.529444290848771e-05,0,0,0,0,0,0,0.0058528405087837,4.094668741298829e-05,0,0,0,0,0,0.0004758584040527,0,0,0,0.0,0.0,0,0.0,5.338030800437719e-05,0.0,0.0,0.0,0,0
A24b,0.0030902545477715,0.0009646382167582,0.002920612443579,0,0,0,0,0,0,0.0,0.0,0,8.903926631644554e-05,0.00170124374788,0.0035387569175168,0,0,0,0.0215734221105842,0,0,0,0,0,0.019082332761578,0.0001207474265704,0,0,0.0027340303867229,0.0001454968718172,0.0001237879100474,0.0001249323283221,0,0.0001852713641513,0,0,0.0037145152993814,0.0004248088360237,0.0056753899492332,0.0023009922520594,0.0374140971527309,0.0005813889519635,0,0.0025156750647742,0.0004905567819475,0.0002219066092558,0.0727362190038926,0.0090034424927178,0,0.0,0,0.0,0,0,3.9345294302801385e-05,0.0,0.0,0,0,0,0.0,0,0,0,0,0,0,0,0,0.0,0.0,0.0,0,0,0.000272175864326,0.0002847380410022,8.026004253782253e-05,0.0020675396278428,0.0024924905047661,0.0009864754562268,3.099045493987852e-05,0.0003294531078409,0,0,0,0,0,0,0.0032796913828828,0,0,0,0,0,0,0.0016637564692854,0.0,0,0,0,0,0,0.0005758784080535,0,0,0,0.0,0.0,0,0.0,5.338030800437719e-05,7.381163271331562e-05,0.0,0.0,0,0
A24c,0.0012424734779699,6.383250351078769e-05,0.0005752721479776,0,0,0,0,0,0,0.0,0.0,0,0.0002077582880717,0.0036731012058529,0.003350525166585,0,0,0,0.0302433242470016,0,0,0,0,0,0.0002144082332761,0.0,0,0,0.0037354301466264,9.870693909781857e-05,0.0006189395502372,0.0,0,0.0003624645035374,0,0,0.011367942898231,0.0042480883602378,0.0076656451965663,0.0032251990210281,0.1323013561974975,0.001133608818676,0,0.0009801048410852,0.0021941342947243,8.955926110755124e-05,0.112476186904344,0.001059228528555,0,5.58031595029281e-05,0,0.0,0,0,0.0,0.0,0.0,0,0,0,0.0,0,0,0,0,0,0,0,0,0.0,0.0,0.0,0,0,0.0,0.0002847380410022,0.0,0.0001914388544298,3.9616512162269234e-05,6.425850277688529e-05,0.0,0.0,0,0,0,0,0,0,0.0051320552203172,0,0,0,0,0,0,0.0001300954032957,0.0,0,0,0,0,0,6.506389493711351e-05,0,0,0,0.0,0.0,0,0.0,0.0,0.0,0.0,0.0,0,0
A24d,0.0003185829430692,4.493574188909859e-05,0.0,0,0,0,0,0,0,0.0,0.0,0,2.9679755438815187e-05,0.0047826239392167,0.0441215224184015,0,0,0,0.0,0,0,0,0,0,0.0,0.0,0,0,0.0160014648758409,0.0,0.0,0.0,0,2.9256875365710943e-05,0,0,0.0895291393748959,0.0,0.0166697910528055,0.0014438402627783,0.1109066765518582,0.0012855315616878,0,0.0001145947928126,0.0032768823114682,0.0,0.0165464514888829,0.0001765380880925,0,0.0,0,0.0,0,0,0.0,0.0,0.0,0,0,0,0.0,0,0,0,0,0,0,0,0,0.0,0.0,0.0,0,0,0.0,0.0074031890660592,0.0,0.0,0.0,9.179786110983611e-06,0.0,0.0001098177026136,0,0,0,0,0,0,0.0054290205468453,0,0,0,0,0,0,0.0,0.0,0,0,0,0,0,5.001000200040008e-05,0,0,0,0.0,0.0,0,0.0,0.0,0.0,0.0,0.0,0,0
A25,0.0,0.0045235924583813,0.0005310204442871,0,0,0,0,0,0,0.0,0.0,0,0.0,0.0,0.0,0,0,0,0.0,0,0,0,0,0,0.0512435677530017,0.0832553506203399,0,0,0.0,0.0,0.0,0.0,0,0.0,0,0,0.0,0.0,0.0,0.0,0.0,0.0,0,0.0,0.0,0.0,0.0004285464541952,0.00070615235237,0,0.0,0,0.0,0,0,1.967264715140069e-05,0.0,2.5231499003355783e-05,0,0,0,0.0,0,0,0,0,0,0,0,0,0.0,0.0,0.0,0,0,0.0,0.0,0.0,0.0,0.0,4.695497018359394e-06,0.0,0.0,0,0,0,0,0,0,0.0,0,0,0,0,0,0,0.0008820098845157,0.0,0,0,0,0,0,6.506389493711351e-05,0,0,0,0.0,0.0,0,0.0,0.0,0.0,0.0,0.0,0,0
A29a-c,0.0004460161202969,0.0078032560486032,0.0106204088857421,0,0,0,0,0,0,0.0,0.0903187721369539,0,0.0710097409038144,0.0119460029105927,0.0003388171516771,0,0,0,0.0002436893404911,0,0,0,0,0,0.0072898799313893,0.0001811211398557,0,0,0.0,0.0,0.0009490406436971,0.0039226953363575,0,0.0387159173257759,0,0,7.787218362316568e-05,0.0,5.956635692161067e-05,0.0088441518651379,0.0004205288714341,9.541984732824427e-05,0,0.0003667033370003,0.0153539742142052,0.0018090009383648,0.0037799358159675,0.0354841557065937,0,0.0221241942278129,0,0.0,0,0,0.000196726471514,0.0,0.0003000670612796,0,0,0,0.0,0,0,0,0,0,0,0,0,0.0546273391054542,0.0,0.0,0,0,0.0058017935809705,0.0,0.0,0.0013783597518952,0.0256681501196936,0.016810647509756,0.0614175569141554,0.0,0,0,0,0,0,0,0.0001020365201263,0,0,0,0,0,0,0.0013876843018213,0.0,0,0,0,0,0,0.0017406534236334,0,0,0,2.200510518440278e-05,0.0,0,0.000541565123206,0.0001334507700109,0.0,0.0,0.0,0,0
A29d,0.0,0.0021010785722922,0.0095583679971678,0,0,0,0,0,0,0.0003958305845098,0.0324675324675324,0,0.0579726866625915,0.0116701293508146,0.0006399879531679,0,0,0,0.0017468422954699,0,0,0,0,0,0.0023584905660377,0.000150934283213,0,0,0.0,0.0,0.0004538890035073,0.0020822054720359,0,0.0244721401216422,0,0,0.0002063022075885,0.0,0.0001081314878892,0.0185364740775329,0.0003402962353693,0.0004519260861874,0,0.0052268000024046,0.0164887446494777,0.0043487299549441,0.0143567742787488,0.0275399417424309,0,0.007585915456365,0,0.0,0,0,0.0005508341202392,0.0,0.0001513889940201,0,0,0,0.0,0,0,0,0,0,0,0,0,0.0245963505299977,0.0,0.0005148336443786,0,0,0.0072167904879622,0.0,0.0,0.0032544605253082,0.0200154053296223,0.0179621692746127,0.0407934155791469,0.0,0,0,0,0,0,0,8.294166436273154e-05,0,0,0,0,0,0,0.0045099739809193,0.0,0,0,0,0,0,0.0003452216908125,0,0,0,0.0,0.0,0,0.0009477389656106,0.0001500450379452,0.0,0.0,0.0,0,0
A30,0.0001274331772276,0.0034340150888459,0.0130542525887246,0,0,0,0,0,0,0.0013194352816994,0.0413223140495867,0,0.167496805407364,0.0389956258648365,0.003124647065467,0,0,0,0.0086026862608607,0,0,0,0,0,0.0094339622641509,0.0005433634195671,0,0,0.000324096580781,0.0,0.0005776769135547,0.006520928219542,0,0.0055323997373545,0,0,0.000393481731465,0.0,0.0008111496582347,0.02079032397449,0.0013029084529506,0.0003054795825339,0,0.0031803248630874,0.0151969590520409,0.0020817203998535,0.0352595009494917,0.0579927619383882,0,0.0014593879136787,0,0.0,0,0,0.0035607491344035,0.0,0.0028362492901957,0,0,0,0.0,0,0,0,0,0,0,0,0,0.0167344957374083,0.0,0.0038612523328399,0,0,0.005579482328224,0.0,0.0,0.0024504173367026,0.0305987310031678,0.0092134584630846,0.0896519481530959,0.0002196354052273,0,0,0,0,0,0,0.0017286504690012,0,0,0,0,0,0,0.0111047184350263,8.189337482597657e-05,0,0,0,0,0,0.0049632314612497,0,0,0,0.0,0.0001099430158799,0,0.0012185215272136,0.0003202818480262,0.0,9.491268033409264e-05,0.0,0,0
A31,0.0046831692631176,2.2467870944549296e-05,8.850340738118418e-05,0,0,0,0,0,0,0.0,0.0,0,0.0192028017689134,0.1394029375415647,0.0202913827504423,0,0,0,0.0164120954196908,0,0,0,0,0,0.0,0.0,0,0,0.0040035854794555,0.0,0.0,0.0,0,0.0001971858753652,0,0,0.022142920069909,0.0004248088360237,0.0470717140111349,0.0518423231850281,0.0139919052288655,0.003770829576117,0,0.0132334818181271,0.0073306613745549,0.0009514650841936,0.0003808152713568,0.0,0,0.0029824589886177,0,0.0,0,0,0.0001573811772112,0.0,0.0,0,0,0,0.0,0,0,0,0,0,0,0,0,0.0001770538243626,0.0,0.0023811056052513,0,0,0.0020902101088083,0.0085421412300683,0.0218307315702877,3.828777088597902e-05,0.0488838282181582,0.0055473983807925,0.0005729270550822,0.0,0,0,0,0,0,0,0.0438097633382853,0,0,0,0,0,0,0.0,0.0,0,0,0,0,0,5.001000200040008e-05,0,0,0,0.0,0.0002183413573742,0,0.0002982403817476,4.328442193654504e-05,0.0,0.0004534359242045,0.0,0,0
A32,0.0,0.0783470060878727,0.0506239490220373,0,0,0,0,0,0,0.0,0.0,0,0.0010387914403585,0.0001481390697372,0.0,0,0,0,7.332453438920664e-05,0,0,0,0,0,0.0,0.1473118604159748,0,0,8.102414519526819e-05,0.0,0.0001237879100474,0.0151998003242656,0,0.000771729576753,0,0,0.0,0.0,0.0,0.0004977140303716,0.0,0.0,0,1.145947928126146e-05,0.0,0.0006336368332687,0.1409143514820348,0.193662282637479,0,0.0,0,0.0,0,0,0.0,0.0,0.0002270834910302,0,0,0,0.0,0,0,0,0,0,0,0,0,0.0,0.0,0.0,0,0,5.241639584862145e-05,0.0,0.0,3.828777088597902e-05,0.0,0.0,0.0,0.0001098177026136,0,0,0,0,0,0,4.674207721791156e-05,0,0,0,0,0,0,0.0074668040696018,0.0,0,0,0,0,0,0.0004102855857496,0,0,0,0.0,0.0,0,0.0,0.0,0.0,0.0,0.0,0,0
A32V,0.0,0.0346915141278617,0.0263740153995928,0,0,0,0,0,0,0.0,0.0,0,0.0002967975543881,1.2687779131140883e-05,0.0,0,0,0,3.666226719460332e-05,0,0,0,0,0,0.0696826758147512,0.0,0,0,0.0,0.0,0.0,0.0002082205472035,0,0.0,0,0,0.0,0.0,0.0,0.0,0.0,0.0,0,0.0,0.0,0.0,0.0002819187757484,0.0078559449201165,0,0.0,0,0.0,0,0,0.0,0.0,7.569449701006738e-05,0,0,0,0.0,0,0,0,0,0,0,0,0,0.0,0.0,0.0,0,0,0.0,0.0,0.0,0.0,0.0,0.0,0.0,0.0,0,0,0,0,0,0,0.0,0,0,0,0,0,0,0.0011501413715435,0.0,0,0,0,0,0,0.0002656128263046,0,0,0,0.0,0.0,0,0.0,0.0,0.0,0.0,0.0,0,0
A35,0.0,6.078645162432093e-05,4.425170369059209e-05,0,0,0,0,0,0,0.0,0.0,0,0.000148398777194,0.0001675562816935,0.0,0,0,0,0.0,0,0,0,0,0,0.0,0.0,0,0,3.3402364887434026e-05,0.0,8.252527336496802e-05,0.0,0,0.0001309757694826,0,0,0.0,0.0,0.0,0.0,0.0,0.0,0,2.291895856252292e-05,0.0,0.0,0.0008022361870735,0.0001765380880925,0,0.0005642544787699,0,0.0,0,0,9.836323575700346e-05,0.0002233139794551,9.55041424921806e-05,0,0,0,0.0002764207870849,0,0,0,0,0,0,0,0,0.0,0.0,0.0,0,0,0.0002427448038335,0.0,0.0,0.0004211654797457,0.0009994794917331,0.0003601663661074,0.0001859427296392,0.0008785416209092,0,0,0,0,0,0,0.0002337103860895,0,0,0,0,0,0,0.0053370163183165,0.0022111211203013,0,0,0,0,0,0.0024280161626351,0,0,0,0.0,0.0,0,0.0,4.328442193654504e-05,0.0001476232654266,0.0,0.0,0,0
A36,0.0,0.0054107189827238,0.0038498982210815,0,0,0,0,0,0,0.0,0.0,0,8.903926631644554e-05,6.761242259747352e-05,0.0,0,0,0,0.0,0,0,0,0,0,0.0021440823327615,0.0009357925559211,0,0,6.680472977486805e-05,0.0006184291898577,0.0014441922838869,0.0,0,0.0002295709099427,0,0,0.0,0.0,0.0,0.0003317819979949,0.0,0.0,0,4.583791712504584e-05,0.0,0.0001031307550644,0.000596668745448,0.0002648071321387,0,0.0006432920552188,0,0.0,0,0,0.0003541076487252,0.0,0.0002626363918534,0,0,0,0.0015289641554447,0,0,0,0,0,0,0,0,0.0,0.0,6.435420554733252e-05,0,0,0.0019576474461311,0.0,0.0,0.0003063021670878,0.0004753981459472,0.0010644493394783,3.099045493987852e-05,0.0090050516143202,0,0,0,0,0,0,0.0011027149974662,0,0,0,0,0,0,0.0238289138109276,0.0180574891491278,0,0,0,0,0,0.00518084287659,0,0,0,6.708670287622497e-05,0.0002338027753736,0,0.0,0.0014103688319576,0.0008119279598464,0.0001898253606681,0.0,0,0
A3a,0.1224314250215043,0.0,0.0,0,0,0,0,0,0,0.0,0.0,0,0.0001780785326328,0.0017346642026952,0.2046832059631818,0,0,0,0.0392068551249944,0,0,0,0,0,0.0,0.0,0,0,0.0,0.2115220098972147,0.0001650505467299,0.0,0,3.8058142748214034e-05,0,0,0.1483408612442356,0.2081563296516568,0.0070128548766949,0.0003147148759946,0.0068175954796995,0.1034205044429075,0,0.0053690854058083,0.0,0.0002137894174238,0.0010646493092662,0.0,0,2.053725457980777e-05,0,0.0,0,0,0.0003147623544224,0.0,0.0,0,0,0,0.0,0,0,0,0,0,0,0,0,0.0,0.0,0.0,0,0,0.0,0.3220387243735763,4.0130021268911264e-05,0.0530668504479669,0.0005636978579481,0.0006352761219794,0.0,0.0002196354052273,0,0,0,0,0,0,0.0276179020113928,0,0,0,0,0,0,0.0,0.0,0,0,0,0,0,6.506389493711351e-05,0,0,0,0.0,0.0,0,0.0001353912808015,0.0,0.0,0.0,0.0,0,0
A3b,0.238523049475931,0.0,4.425170369059209e-05,0,0,0,0,0,0,0.0,0.0,0,0.0,0.0006356326769643,0.0423521439596431,0,0,0,0.0113033833718124,0,0,0,0,0,0.0,0.0,0,0,0.2865711700037042,0.0,8.252527336496802e-05,0.0,0,5.414185165132648e-05,0,0,0.0974212885905772,0.0101954120645709,0.0048694386490823,0.0,0.0010050249612546,0.0343913817303752,0,0.0005042170883755,0.0,0.0002325960801269,0.0005318696281167,0.0,0,0.0,0,0.0,0,0,0.0013967579477494,0.0,0.0,0,0,0,1.947647242131505e-05,0,0,0,0,0,0,0,0,0.0,0.0,0.0,0,0,0.0002326509187505,0.0874145785876993,0.0,0.0169997702733746,0.0101465614430665,0.000108076552303,0.0024482459402504,0.0,0,0,0,0,0,0,0.0523157410387089,0,0,0,0,0,0,0.0,0.0,0,0,0,0,0,0.0,0,0,0,0.0,0.0,0,0.0001353912808015,0.0,0.0,0.0,0.0,0,0
A45,0.0,0.0013960460797242,0.0003540136295247,0,0,0,0,0,0,0.0047499670141179,0.0,0,0.0006529546196539,0.0017545976631832,0.0,0,0,0,0.0002566358703622,0,0,0,0,0,0.0,0.0,0,0,0.0,0.0015176191886289,0.0,0.0,0,0.0376782246029199,0,0,0.0,0.0004248088360237,0.0,0.0026668487206819,0.0,0.0245294802369526,0,0.0217310050677198,0.0002839295854628,0.1297129366497548,0.0001944702796442,8.826904404625298e-05,0,0.0184090312375669,0,0.0,0,0,0.0001573811772112,0.0,2.5231499003355783e-05,0,0,0,0.0,0,0,0,0,0,0,0,0,0.0,0.0045977011494252,0.0001930626166419,0,0,0.0002262051936139,0.0,4.0130021268911264e-05,0.0024504173367026,0.0,0.0017879650624432,0.000495847279038,0.0006589062156819,0,0,0,0,0,0,0.0008544818725385,0,0,0,0,0,0,0.0001300954032957,0.0020473343706494,0,0,0,0,0,0.0002252994706847,0,0,0,0.0007971660746047,0.0009705216793788,0,0.0025606032450782,0.007772337592792,0.008180433156861,0.0018282921979819,0.0014326240060567,0,0
A46D,0.0,0.1000128268069956,0.0075670413310912,0,0,0,0,0,0,0.0,0.0,0,0.0030071934915249,0.0041263552742034,0.0,0,0,0,0.0010265434814488,0,0,0,0,0,0.0,0.000150934283213,0,0,0.0,0.0,8.252527336496802e-05,0.0,0,0.0064375039235478,0,0,0.0,0.0,0.0,0.0054243165358766,0.0,0.0006361323155216,0,2.291895856252292e-05,0.0841021901505142,0.0009068334544406,0.010186960591783,0.0100626710212728,0,5.58031595029281e-05,0,0.0,0,0,0.0003147623544224,0.0,0.0038891949314351,0,0,0,0.0,0,0,0,0,0,0,0,0,0.0,0.0,6.435420554733252e-05,0,0,0.0,0.0,0.0,0.0,0.0,8.064279793298094e-05,0.0003917592293865,0.0018669009444322,0,0,0,0,0,0,0.00012113137589,0,0,0,0,0,0,0.0032690228964667,0.0,0,0,0,0,0,0.0091768218158595,0,0,0,0.0,0.0,0,0.0,0.0,0.0,0.0,0.0,0,0
A46V,0.0,0.0442857982594401,0.0075227896274006,0,0,0,0,0,0,0.0,0.0005903187721369,0,0.0041922533514278,0.0057730825274021,0.0,0,0,0,0.0022730605660654,0,0,0,0,0,0.0,0.0001207474265704,0,0,0.0,0.0,0.0020218691974417,0.1246715521713109,0,0.0704504659616879,0,0,0.0002222222222222,0.0,0.0002631578947368,0.0091094567953707,0.0009049390628337,0.0115991518584693,0,0.0058806290465112,0.0660415508890736,0.0262380075830503,0.002052801916338,0.0006178833083237,0,0.0017923382673384,0,0.0,0,0,0.001375332292436,0.0,0.0005523820513132,0,0,0,0.0,0,0,0,0,0,0,0,0,0.0,0.0,0.0005791878499259,0,0,0.0001508034624093,0.0,0.0,0.0,0.0,0.0005451568330891,0.0039803659263563,0.0124094003953437,0,0,0,0,0,0,0.006416574541569,0,0,0,0,0,0,0.0029064989346686,0.0,0,0,0,0,0,0.0071044467218246,0,0,0,0.0,0.0,0,0.0,0.0,0.0,0.0,0.0,0,0
A47L,3.1858294306922805e-05,0.0379035819526395,0.0535003097619258,0,0,0,0,0,0,0.0013194352816994,0.0011806375442739,0,0.012329868712073,0.0092787800278015,0.0,0,0,0,0.0001099868015838,0,0,0,0,0,0.0002144082332761,0.000150934283213,0,0,0.0,0.0001233836738722,0.1615844852486073,0.0255864101705609,0,0.0,0,0,0.0,0.0004248088360237,0.0,0.0203108182035704,0.0006063756063756,0.0232042951715334,0,0.0348823543556541,0.0339361143212364,0.2517956642311354,0.0069012785676424,0.0170359255009268,0,0.0305544026224553,0,0.0,0,0,0.0017097672940098,0.0,0.0013308029832115,0,0,0,0.0,0,0,0,0,0,0,0,0,0.0006196883852691,0.003831417624521,0.0014157925220413,0,0,0.0014004042672059,0.0,0.0014446807656808,0.0058580289455547,0.0015235608375189,0.0053012382505469,0.0076228777608764,0.0218537228201186,0,0,0,0,0,0,0.009148700000354,0,0,0,0,0,0,0.0213387509236937,0.0042994021783637,0,0,0,0,0,0.0030574941386784,0,0,0,0.0011792452830188,0.0006252684249598,0,0.0018895623861459,0.0080304796614773,0.0125404071373956,0.0008881674220541,0.0003167062549485,0,0
A47M,3.1858294306922805e-05,0.010011509406616,0.0417293565802283,0,0,0,0,0,0,0.0001319435281699,0.0005903187721369,0,0.0088801100529454,0.0014719289513483,0.0,0,0,0,0.0002199736031676,0,0,0,0,0,0.0006432246998284,0.0001207474265704,0,0,0.0,0.0,0.0513307200330101,0.003899476308861,0,0.1025235156778905,0,0,0.0,0.0,0.0,0.0076130148695332,0.0004331254331254,0.0053061145332225,0,0.0047219441889544,0.0177599375184579,0.0366937485817978,0.0065383005587273,0.0054726807308676,0,0.010370679106779,0,0.0,0,0,1.967264715140069e-05,0.0,0.0016981209082841,0,0,0,0.0,0,0,0,0,0,0,0,0,0.0,0.0,0.0014801467275886,0,0,0.000475395722584,0.0,0.0,0.0007274676468336,0.000594247682434,0.0017604193009366,0.002914706777848,0.0015374478365912,0,0,0,0,0,0,0.0003080996847617,0,0,0,0,0,0,0.0092332511390127,0.0001228400622389,0,0,0,0,0,0.0005904233776242,0,0,0,4.508159769182221e-05,1.2953032304862567e-05,0,0.0,0.0022424274238855,0.0005709564839825,9.491268033409264e-05,0.0,0,0
A47O,0.0,0.0192845722874525,0.0100451367377644,0,0,0,0,0,0,0.002111096450719,0.0,0,0.0,6.265970867915945e-05,0.0,0,0,0,3.666226719460332e-05,0,0,0,0,0,0.0062178387650085,0.0,0,0,0.0,7.403020432336393e-05,0.0447699608004951,0.0024802511174041,0,0.0074082785248989,0,0,0.0,0.0,0.0,0.0019971953270838,0.0,0.0008017988597243,0,0.001799138247158,0.0012776831345826,0.0076917621512747,0.0105891558746733,0.00070615235237,0,0.0027355976541559,0,0.0,0,0,0.0007278879446018,0.0,0.0011831695263971,0,0,0,2.3226645607841318e-05,0,0,0,0,0,0,0,0,0.0,0.0,0.0001287084110946,0,0,7.54017312046643e-05,0.0,0.0,0.0004594532506317,0.0,0.000883214057694,0.0,0.0010981770261366,0,0,0,0,0,0,0.0003890512247419,0,0,0,0,0,0,0.0037724882210469,0.0017197608713455,0,0,0,0,0,0.0050782782557595,0,0,0,0.0,4.624427149086908e-06,0,0.0,0.0007101681279364,0.0,9.491268033409264e-05,0.0,0,0
A4ab,0.1647710981554047,0.0,0.0,0,0,0,0,0,0,0.0,0.0005903187721369,0,0.0012465497284302,0.0023054470652907,0.2433836539547491,0,0,0,0.5045341602785168,0,0,0,0,0,0.0002144082332761,0.0,0,0,0.2942266282960044,0.0358415839365938,0.0002888384567773,4.164410944071961e-05,0,0.0,0,0,0.0,0.0152931180968564,0.2852375196569231,0.002123752487105,0.1430705235603488,0.0094623882541017,0,0.0048190304003077,0.0011357183418512,0.0001190553946818,0.0005317493816747,0.0,0,4.1074509159615545e-05,0,0.0,0,0,3.9345294302801385e-05,0.0,0.0,0,0,0,0.0,0,0,0,0,0,0,0,0,0.0,0.0,0.0,0,0,0.0,0.2013097949886104,4.0130021268911264e-05,0.0030247338999923,0.0005636978579481,0.0001560563638867,0.0,0.0001098177026136,0,0,0,0,0,0,0.0250441801151475,0,0,0,0,0,0,0.0,0.0,0,0,0,0,0,0.0001000200040008,0,0,0,0.0,0.0,0,0.0,0.0,0.0,0.0,0.0,0,0
A4c,0.0015929147153461,0.0,0.0,0,0,0,0,0,0,0.0,0.0,0,0.0,0.0002552060053753,0.0005646952527952,0,0,0,0.0050301477207841,0,0,0,0,0,0.0,0.0,0,0,0.001469704055047,0.0439077170696528,0.0005364142768722,0.0,0,0.0001851176211339,0,0,0.0044332759960385,0.0,0.0117142910001742,0.001362744699884,0.004345014374867,0.1103547015920467,0,0.0088015188130834,0.0,2.542243588039998e-05,0.0001560150909142,0.0,0,8.214901831923109e-05,0,0.0,0,0,1.967264715140069e-05,0.0,0.0,0,0,0,0.0,0,0,0,0,0,0,0,0,0.0,0.0,0.0,0,0,0.0,0.0,0.0,0.0186078566505858,0.0,0.0001468765777757,0.0,0.0,0,0,0,0,0,0,0.0047587104707344,0,0,0,0,0,0,0.0,0.0,0,0,0,0,0,5.001000200040008e-05,0,0,0,0.0,0.0,0,0.0001491201908738,0.0,0.0,0.0,0.0,0,0
A6DC,0.0209627576539552,0.0,0.0,0,0,0,0,0,0,0.0009236046971896,0.0,0,0.0028195767666874,0.0148013410417531,0.0014305613070812,0,0,0,0.0231276097235598,0,0,0,0,0,0.0,0.0,0,0,0.0065931429248059,0.002497456073282,0.0094078811636063,4.164410944071961e-05,0,0.0021773876605737,0,0,0.1107853180461052,0.0777400169923534,0.0,0.1357231052980908,0.1616415572788789,0.0321447977048642,0,0.1540225026601021,0.0096536059057353,0.0109492612346766,0.0014054587217227,0.0,0,0.0030077734942629,0,0.0,0,0,0.0,0.0,0.0,0,0,0,0.0,0,0,0,0,0,0,0,0,0.0011737089201877,0.01455938697318,0.0001930626166419,0,0,7.54017312046643e-05,0.0079726651480637,0.0097114651470765,0.0173443602113484,0.0028184892897406,0.0025194991577772,0.0009297136481963,0.0,0,0,0,0,0,0,0.0072127509388541,0,0,0,0,0,0,2.3961278573824696e-05,0.0,0,0,0,0,0,0.0001602355757476,0,0,0,0.0,0.0,0,0.0042520453451363,0.0005561991033085,0.0002214348981399,0.0,0.0003811701924909,0,0
A6DR,0.0001592914715346,0.002243049425174,0.0019028232586954,0,0,0,0,0,0,0.0010555482253595,0.0053128689492325,0,0.0264705970913993,0.0378899162963553,0.0,0,0,0,0.0004032849391406,0,0,0,0,0,0.0,0.0,0,0,6.680472977486805e-05,0.0,0.0188982876005776,0.0122140974503242,0,0.0077038483402778,0,0,0.0015385826959596,0.0008496176720475,0.0727983797666548,0.0,0.0923649849871752,0.0031922631791851,0,0.0936675668933013,0.0580070626858739,0.0272116239212802,0.058584413545162,0.0009709594845087,0,0.0093904966970219,0,0.0,0,0,0.0001180358829084,0.0,0.00037711702167,0,0,0,0.0,0,0,0,0,0,0,0,0,0.0140845070422535,0.0,0.0004504794388313,0,0,0.0010113547556658,0.0002847380410022,0.0094305549981941,7.657554177195804e-05,0.0032757540603351,0.0070291371060298,0.0230307014925507,0.0003294531078409,0,0,0,0,0,0,0.0002402726273976,0,0,0,0,0,0,0.000477016478751,0.0,0,0,0,0,0,8.011778787382695e-05,0,0,0,0.0,0.0,0,0.0006769564040075,0.0001601409240131,0.0002214348981399,0.0,0.0007623403849818,0,0
A6M,0.0050973270891076,0.0,0.0,0,0,0,0,0,0,0.0,0.0,0,0.0003561570652657,0.0111158156299133,0.0018823175093174,0,0,0,0.0551160066938038,0,0,0,0,0,0.0,0.0,0,0,0.0109122402903882,0.0004318428585529,0.0127501547348875,0.0001997718766766,0,0.0006067560385153,0,0,0.1264081868040333,0.0267629566694987,0.2279666402808579,0.0664335851911373,0.0,0.0177907307264146,0,0.0126646407810179,0.0153455688390309,0.0010149952252818,0.0718468338183209,8.826904404625298e-05,0,0.0018495957506951,0,0.0,0,0,0.0,0.0,0.0001766204930234,0,0,0,1.947647242131505e-05,0,0,0,0,0,0,0,0,0.0,0.0,0.0,0,0,0.0,0.0017084282460136,0.0,0.0042116547974576,0.0,0.0002207429976616,3.099045493987852e-05,0.0,0,0,0,0,0,0,0.0024739417119447,0,0,0,0,0,0,7.18838357214741e-05,0.0,0,0,0,0,0,0.0,0,0,0,0.0,0.0,0,0.0,0.0,0.0,0.0,0.0,0,0
A6Va,0.0033769791965338,0.0001021510841905,0.0001770068147623,0,0,0,0,0,0,0.0058055152394775,0.0005903187721369,0,8.903926631644554e-05,0.000785120684062,0.0,0,0,0,0.0092022290658454,0,0,0,0,0,0.0,0.0,0,0,0.007315117910348,0.0792772839073444,0.0566536001650505,6.246616416107942e-05,0,0.0283902865841262,0,0,0.0031555160807439,0.2931180968564146,0.0036913417832294,0.0119598201756324,0.0222655704074756,0.0,0,0.1454199654938171,0.0006640132038588,0.0585699579993415,0.0024695110275626,0.0,0,0.0101590836772403,0,0.0,0,0,0.0004721435316336,0.0,2.5231499003355783e-05,0,0,0,0.0,0,0,0,0,0,0,0,0,0.0,0.0030651340996168,0.0008366046721153,0,0,0.0002096655833944,0.0,0.0006019503190336,0.0663527069454016,0.0,0.0017500150046221,3.099045493987852e-05,0.0020865363496595,0,0,0,0,0,0,0.0134865689477687,0,0,0,0,0,0,4.336513443191674e-05,4.094668741298829e-05,0,0,0,0,0,0.0005909323009902,0,0,0,0.0,6.471691718040076e-05,0,0.0038674137778011,0.0016973773435361,0.0009595512252731,0.0,4.433803316484881e-05,0,0
A6Vb,0.002038930835643,0.0005364601295168,0.000973537481193,0,0,0,0,0,0,0.0,0.0,0,0.0,1.2687779131140883e-05,3.764635018634943e-05,0,0,0,0.0107787065552133,0,0,0,0,0,0.0,0.0,0,0,0.0014028993252722,0.0068354555325239,0.0179492469568805,0.0,0,0.0042214919522009,0,0,0.0009578737599198,0.0114698385726423,0.0,0.0013218997546972,0.005470953485101,0.030105540175863,0,0.0161798454435607,0.0027063960885704,0.0039846442915456,0.0064172976938803,0.0,0,0.0007227439111718,0,0.0,0,0,0.0,0.0,0.0,0,0,0,1.947647242131505e-05,0,0,0,0,0,0,0,0,0.0,0.0,0.0,0,0,5.241639584862145e-05,0.0002847380410022,0.0,0.0087296117620032,0.0,0.0001639272412629,0.0,0.0001098177026136,0,0,0,0,0,0,0.0127068537221619,0,0,0,0,0,0,8.673026886383348e-05,0.0002456801244779,0,0,0,0,0,0.000210245577748,0,0,0,0.0,3.0795762503079576e-05,0,0.0,0.0004967753580715,0.0,0.0,0.0,0,0
A8C,0.0015929147153461,1.9159290339885808e-05,0.0,0,0,0,0,0,0,0.0038263623169283,0.0,0,0.0007123141305315,0.0032438672213008,3.764635018634943e-05,0,0,0,0.0009898812142542,0,0,0,0,0,0.0,0.0,0,0,0.0001336094595497,0.000653933471523,0.002558283474314,0.0001997718766766,0,0.0050286824809587,0,0,0.0016438471816225,0.1346644010195412,0.0067692598275997,0.0300935618751351,0.0099244189701652,0.0723663285738296,0,0.0,0.0034851886533464,0.0414641765374925,0.0003335515537643,0.0,0,0.0032187431589561,0,0.0,0,0,5.9017941454202073e-05,0.0,0.0,0,0,0,0.0,0,0,0,0,0,0,0,0,0.0023474178403755,0.0022988505747126,0.0001287084110946,0,0,0.0002068680182043,0.0005694760820045,0.0069023636582527,0.0028715828164484,0.0005636978579481,0.0017502782278506,0.0016424941118135,0.0001098177026136,0,0,0,0,0,0,0.0114887632020522,0,0,0,0,0,0,4.336513443191674e-05,0.0,0,0,0,0,0,0.0001000200040008,0,0,0,0.0,0.0,0,0.0047268637379025,0.0006261736792472,0.0002952465308532,0.0007780058690276,0.0007301084162106,0,0
A8aD,3.1858294306922805e-05,0.0168739659072696,0.0223913620674396,0,0,0,0,0,0,0.0,0.0129870129870129,0,0.0391713323170036,0.0283890346086652,0.000112939050559,0,0,0,0.0047131338459038,0,0,0,0,0,0.0012864493996569,3.0186856642617805e-05,0,0,0.0,0.0,0.0007427274602847,0.1798544026055041,0,0.0507023970455758,0,0,1.9443904335990668e-05,0.0,0.000741358962119,0.0660837927380191,0.0139039122326279,0.0007892122844974,0,0.0280426232513961,0.0,0.0380936519118224,0.1001068753883481,0.0917115367640568,0,0.0162719139227544,0,0.0,0,0,0.0015130408224958,0.0,0.0072824149683076,0,0,0,2.3226645607841318e-05,0,0,0,0,0,0,0,0,0.0007967422096317,0.0,0.0003861252332839,0,0,0.0004661524322573,0.0,4.0130021268911264e-05,7.657554177195804e-05,0.0012677283891926,0.0033630666639179,0.0234130037554369,0.0006589062156819,0,0,0,0,0,0,0.0003594138789051,0,0,0,0,0,0,0.0026519004785231,0.0,0,0,0,0,0,0.0026074041206748,0,0,0,0.0,0.0,0,0.0001353912808015,0.0,0.0001476232654266,0.0,0.0,0,0
A8Av,3.1858294306922805e-05,0.0226425588286254,0.0018585715550048,0,0,0,0,0,0,0.002243039978889,0.0017709563164108,0,0.0060873694360285,0.0159888002651161,0.0,0,0,0,0.0004766094735298,0,0,0,0,0,0.0,3.0186856642617805e-05,0,0,0.0,2.467673477445464e-05,0.0933773468124613,0.035895842761536,0,0.2671238416924343,0,0,0.0,0.0072217502124044,0.0001191327138432,0.0348225606304051,0.0114261229370698,0.0544604367657894,0,0.0580060055185846,0.1834158882539553,0.0,0.0050738721525566,0.0005296142642775,0,0.0461135240333158,0,0.0,0,0,0.019569414448527,0.0,0.0078765622095206,0,0,0,0.0,0,0,0,0,0,0,0,0,0.001770538243626,0.0176245210727969,0.0088165261599845,0,0,0.0006032138496373,0.0002847380410022,0.0076247040410931,0.0094570794088368,0.0018495596224934,0.0039055501136206,0.0048758439560591,0.0087854162090929,0,0,0,0,0,0,0.0041367552479644,0,0,0,0,0,0,0.0007657259866321,0.0,0,0,0,0,0,0.0101124668842963,0,0,0,0.0007760962359332,0.0005842700670582,0,0.0087396020667339,0.0097218003910135,0.0325133628156571,0.0077812458252578,0.0093025041316828,0,0
A8b,0.0,0.0073468815565122,0.0240286751039915,0,0,0,0,0,0,0.0,0.0,0,0.0046330614195266,0.0109673568744713,0.0,0,0,0,0.0013931661533949,0,0,0,0,0,0.2407804459691252,0.0003018685664261,0,0,8.102414519526819e-05,0.0007156253084591,0.0065607592325149,0.0486149738151796,0,0.0099371036612149,0,0,0.0019083856174885,0.0008496176720475,0.0053187383643753,0.098805291475869,0.1462147702512586,0.0028766629587382,0,0.029985963077182,0.0680683902737623,0.0049375730290851,0.0,0.2982610998322888,0,0.0027793693256817,0,0.0,0,0,0.0012572964095276,0.0,0.0006812504730906,0,0,0,0.0,0,0,0,0,0,0,0,0,0.0,0.0,6.435420554733252e-05,0,0,0.0001213724019167,0.0,0.0,7.657554177195804e-05,3.9616512162269234e-05,0.0006997827460571,0.0018967781004982,0.0008785416209092,0,0,0,0,0,0,0.0,0,0,0,0,0,0,0.0073931288529496,0.0,0,0,0,0,0,0.00054577062218,0,0,0,0.0,0.0,0,0.0,5.338030800437719e-05,0.0001476232654266,0.0,0.0,0,0
A9,0.0,0.1123281881237525,0.056730684131339,0,0,0,0,0,0,0.0,0.0,0,0.0041451480902392,0.0009205021845527,0.0,0,0,0,0.0,0,0,0,0,0,0.2542881646655232,0.0204063150904096,0,0,0.0,0.0,0.0002888384567773,0.108288345315168,0,0.007896066088446,0,0,0.0,0.0,0.0,0.0008655832914502,8.662508662508664e-05,0.0,0,0.0001718921892189,0.0192709806493969,0.0001979553884741,0.1270815273160263,0.0,0,3.526590492312033e-05,0,0.0,0,0,1.967264715140069e-05,0.0,0.003087208816849,0,0,0,4.2703118029156375e-05,0,0,0,0,0,0,0,0,0.0,0.0,0.0,0,0,0.0001048327916972,0.0,0.0,0.0,0.0,9.179786110983611e-06,2.3044660552150065e-05,0.0005490885130683,0,0,0,0,0,0,0.0,0,0,0,0,0,0,0.008941079403022,0.0,0,0,0,0,0,0.0024492042383908,0,0,0,0.0,0.0,0,0.0,0.0,0.0,0.0,0.0,0,0
AI,0.0,4.493574188909859e-05,8.850340738118418e-05,0,0,0,0,0,0,0.0,0.0,0,2.9679755438815187e-05,0.0,0.0,0,0,0,0.0,0,0,0,0,0,0.0,0.0,0,0,0.0,0.0008266706149442,0.0002475758200949,0.0,0,1.760253476500616e-05,0,0,0.0,0.0,0.0,0.0,4.177109440267335e-05,0.0,0,0.0,0.0,0.0,0.0001482460330961,0.0,0,4.1074509159615545e-05,0,0.0,0,0,3.9345294302801385e-05,0.0,2.387603562304515e-05,0,0,0,0.0,0,0,0,0,0,0,0,0,0.0,0.0,0.0,0,0,0.0,0.0,0.0,0.0003445899379738,0.0,0.0001147473263872,0.0,0.0015374478365912,0,0,0,0,0,0,0.0020954329772759,0,0,0,0,0,0,9.128769157956614e-05,0.0,0,0,0,0,0,0.0006215490102295,0,0,0,0.0,0.0,0,0.0,0.0,0.0,0.0,0.0,0,0
AIP,0.000382299531683,2.2467870944549296e-05,0.0003540136295247,0,0,0,0,0,0,0.0039583058450982,0.0,0,0.0015136675273795,0.0045560328080755,0.0,0,0,0,0.0002199736031676,0,0,0,0,0,0.0,0.0,0,0,0.0003006212839869,0.0,0.0018980812873942,0.0,0,0.0006848045217399,0,0,0.0009076511360161,0.0,0.0,0.0108727604244195,0.0,0.003846537433594,0,0.011174908474454,0.0002839295854628,0.0069923408985822,0.0001184678494276,0.0,0,0.0,0,0.0,0,0,0.0007278879446018,0.0,0.0,0,0,0,0.0,0,0,0,0,0,0,0,0,0.007130780433308,0.0022988505747126,0.0012870841109466,0,0,0.0066347475321752,0.0,0.0109956258276816,0.0604181024580748,0.0413992552095713,0.0225485414639399,0.0005268377339779,0.0,0,0,0,0,0,0,0.0004147083218136,0,0,0,0,0,0,0.0067455571155209,0.0,0,0,0,0,0,5.001000200040008e-05,0,0,0,0.0003162065368777,7.347760877927759e-05,0,0.0075405029093579,0.0067652219485323,7.381163271331562e-05,0.000612431408465,0.0018039419325389,0,0
Apri,0.0,0.0,0.0,0,0,0,0,0,0,0.0,0.0,0,0.0,0.0,0.0,0,0,0,0.0,0,0,0,0,0,0.0,0.0,0,0,0.0,0.0,0.0,0.0,0,0.0,0,0,0.0,0.0,0.0,0.0,0.0,0.0,0,0.0,0.0,0.0,0.0,0.0,0,0.0,0,0.0,0,0,0.0,0.0,0.0,0,0,0,0.0,0,0,0,0,0,0,0,0,0.0,0.0,0.0,0,0,0.0,0.0,4.0130021268911264e-05,0.0,0.0,0.0,0.0,0.0,0,0,0,0,0,0,0.0,0,0,0,0,0,0,0.0,0.0,0,0,0,0,0,0.0,0,0,0,0.0,0.0,0,0.0,0.0,0.0,0.0,0.0,0,0
AuA1,9.557488292076844e-05,0.0005349980343168,0.0,0,0,0,0,0,0,0.0,0.0,0,0.000148398777194,0.0015035018270401,3.764635018634943e-05,0,0,0,0.0,0,0,0,0,0,0.0,0.0,0,0,0.0,0.0,0.0,0.001976597090449,0,0.0,0,0,0.0,0.0,0.0,0.0002492743426886,0.0,0.0002418663509817,0,0.0,0.0015616127200454,9.72615163401701e-05,0.0,0.0,0,0.0,0,0.0,0,0,0.1397698728796392,0.0855292541313086,0.129732597692359,0,0,0,0.0891222261222012,0,0,0,0,0,0,0,0,0.0011737089201877,0.0,0.0,0,0,0.0021490722297934,0.0,0.0,0.0,0.0003565486094604,0.0009257443816983,0.0,0.0005490885130683,0,0,0,0,0,0,0.0014490043937552,0,0,0,0,0,0,0.0,0.0,0,0,0,0,0,0.0848143344571847,0,0,0,0.000285492869738,0.0,0,0.0,0.0,0.0005904930617065,0.0,0.0,0,0
AuAL,0.0,0.0012446595064795,0.0,0,0,0,0,0,0,0.0,0.0,0,0.0,0.0,0.0,0,0,0,0.0,0,0,0,0,0,0.0,0.0,0,0,0.0,0.0,0.0,0.0,0,0.0,0,0,0.0,0.0,0.0,0.0,0.0,0.0,0,0.0,0.0,0.0,5.83158385817588e-05,0.0,0,0.0,0,0.0393959290873276,0,0,0.0089226167659258,0.1799910674408218,0.074758578189236,0,0,0,0.1270760524482411,0,0,0,0,0,0,0,0,0.0,0.0,0.0,0,0,0.0,0.0,0.0,0.0,0.0,0.0,2.3044660552150065e-05,0.0009883593235229,0,0,0,0,0,0,0.0,0,0,0,0,0,0,7.18838357214741e-05,0.0,0,0,0,0,0,0.0074412305234576,0,0,0,0.0,0.0,0,0.0,0.0,0.0,0.0,0.0,0,0
AuCL,0.0,0.0042042253782889,0.0,0,0,0,0,0,0,0.0,0.0,0,8.903926631644554e-05,0.0009486338852352,0.0,0,0,0,0.0,0,0,0,0,0,0.0,0.0,0,0,0.0,0.0,0.0001237879100474,0.0060879190385831,0,0.0011512631947234,0,0,0.0,0.0,0.0,0.0003134941961189,0.0,6.361323155216285e-05,0,0.0,0.0019030451439524,0.0002548681579376,0.0004505671657088,0.0,0,0.0,0,0.1470781352593565,0,0,0.0586431872649021,0.0279142474318892,0.0406476654175332,0,0,0,0.0108959404586061,0,0,0,0,0,0,0,0,0.0,0.0,0.0007722504665679,0,0,0.0004947328979936,0.0,0.0,0.0,3.9616512162269234e-05,0.0011130185999921,0.0,0.0,0,0,0,0,0,0,0.0,0,0,0,0,0,0,0.0011649878046859,8.189337482597657e-05,0,0,0,0,0,0.0479055888253582,0,0,0,0.0003179270298553,0.0,0,0.0,0.0,0.0001476232654266,0.0,0.0,0,0
AuCM,0.0019114976584153,0.002131470381116,0.0,0,0,0,0,0,0,0.0,0.0,0,0.0005935951087763,0.0071619137075653,0.0007152806535406,0,0,0,0.0,0,0,0,0,0,0.0,0.0,0,0,0.0004911084052182,0.0025971004333033,8.252527336496802e-05,0.0017394054395951,0,8.80126738250308e-06,0,0,7.787218362316568e-05,0.0008496176720475,0.0,0.0009413214552971,0.0,0.0015955596922582,0,0.0008196721311475,0.0035033090584869,9.6651805874864e-05,0.0,8.826904404625298e-05,0,0.000645989217585,0,0.0459619172685489,0,0,0.0,0.0033497096918267,0.0600354837507658,0,0,0,0.029409028221033,0,0,0,0,0,0,0,0,0.0,0.0007662835249042,0.0,0,0,0.0080721249606877,0.0005694760820045,0.0,0.0003445899379738,0.001435261125518,0.0095648026819237,4.608932110430013e-05,0.0005490885130683,0,0,0,0,0,0,0.0005529444290848,0,0,0,0,0,0,0.0002453443734491,4.094668741298829e-05,0,0,0,0,0,0.0721609999123929,0,0,0,0.0004603867158947,0.0,0,0.0,0.0,0.0002395265831364,8.59106529209622e-05,0.0,0,0
AuCPB,0.0,0.0133256068034211,0.0005310204442871,0,0,0,0,0,0,0.0,0.0,0,8.903926631644554e-05,0.0004637159269573,0.0,0,0,0,0.0,0,0,0,0,0,0.0,0.0003622422797114,0,0,0.0,0.0,0.0002475758200949,0.0132661347283609,0,0.0001954399171558,0,0,0.0,0.0,0.0,0.0007400582732236,0.0,3.1806615776081425e-05,0,0.0,0.0090857467348097,0.0004387002918679,0.0023679198454144,0.0,0,0.0001057977147693,0,0.1057124097176625,0,0,0.0946217320032286,0.0,0.1323376550710877,0,0,0,0.1174670746194025,0,0,0,0,0,0,0,0,0.0046948356807511,0.0,6.435420554733252e-05,0,0,0.000442316502145,0.0,0.0,0.0,0.0,0.0004208853003109,0.0,0.0181199209312541,0,0,0,0,0,0,5.529444290848771e-05,0,0,0,0,0,0,0.0089444626607426,4.094668741298829e-05,0,0,0,0,0,0.0793176519328674,0,0,0,7.701786814540974e-05,0.0,0,0.0,0.0,4.595165885488466e-05,0.0,0.0,0,0
AuML,0.0,0.0012787789305142,0.0,0,0,0,0,0,0,0.0,0.0,0,0.0,0.000121925077393,0.0,0,0,0,0.0,0,0,0,0,0,0.0,0.0,0,0,0.0,0.0,0.0,0.0037160025300442,0,0.0,0,0,0.0,0.0,0.0,0.0002861505164334,0.0,3.1806615776081425e-05,0,0.0,0.0016649263182877,0.0,0.0005054039343752,0.0,0,0.0,0,0.4235062376887721,0,0,0.0240635430398563,0.2251004912907548,0.0,0,0,0,0.076237774652551,0,0,0,0,0,0,0,0,0.0011737089201877,0.0,0.0,0,0,5.241639584862145e-05,0.0,0.0,0.0,0.0,0.0002301438756661,0.0,0.0003294531078409,0,0,0,0,0,0,0.0,0,0,0,0,0,0,0.0001677289500167,0.0,0,0,0,0,0,0.0332820432937072,0,0,0,0.0002090484992518,0.0,0,0.0,0.0,0.0,0.0003675252712835,0.0,0,0
AuR,9.557488292076844e-05,0.0001398340101368,0.0,0,0,0,0,0,0,0.0,0.0,0,0.0,0.0,0.0,0,0,0,0.0,0,0,0,0,0,0.0,0.0,0,0,0.0,0.0,0.0,0.0,0,0.0,0,0,0.0,0.0,0.0,0.0,0.0,0.0,0,0.0,0.0,0.0,0.0,0.0,0,0.0,0,0.0656598818122127,0,0,0.0257789589157216,0.1190263510495757,0.0627538492397624,0,0,0,0.0820304839626634,0,0,0,0,0,0,0,0,0.0,0.0,0.0,0,0,0.0,0.0,0.0,0.0,0.0011273957158962,9.179786110983611e-06,0.0,0.0002196354052273,0,0,0,0,0,0,0.0,0,0,0,0,0,0,0.0,0.0,0,0,0,0,0,0.0130359485517865,0,0,0,1.100255259220139e-05,0.0,0,0.0,0.0,0.0,0.0,0.0,0,0
AuRM,0.0,0.0001095210280373,0.0,0,0,0,0,0,0,0.0,0.0,0,0.0,1.0484378276368211e-05,0.0,0,0,0,0.0,0,0,0,0,0,0.0,0.0,0,0,0.0,0.0,0.0,0.0,0,0.0,0,0,0.0,0.0,0.0,0.0,0.0,0.0,0,0.0,0.0,0.0,0.0,0.0,0,0.0,0,0.010505581089954,0,0,0.0267590852569676,0.013845466726217,0.0380869393395063,0,0,0,0.0139260514414395,0,0,0,0,0,0,0,0,0.0,0.0,0.0,0,0,0.0,0.0,0.0,0.0,0.0,1.376967916647542e-05,0.0,0.0,0,0,0,0,0,0,4.674207721791156e-05,0,0,0,0,0,0,9.58451142952988e-05,0.0,0,0,0,0,0,0.0251589668809898,0,0,0,0.0,0.0,0,0.0,0.0,0.0,0.0,0.0,0,0
AuRPB,0.0,0.0085867655737723,0.0001327551110717,0,0,0,0,0,0,0.0,0.0,0,0.0,2.042284434396769e-05,0.0,0,0,0,0.0,0,0,0,0,0,0.0,9.056056992785342e-05,0,0,0.0,0.0,0.0,2.082205472035981e-05,0,0.0,0,0,0.0,0.0,0.0,1.3961020829843078e-05,0.0,0.0,0,0.0,0.0001419647927314,9.363295880149812e-05,0.0001383877089991,0.0,0,0.0,0,0.0032829940906106,0,0,0.0015934844192634,0.0806163465832961,0.0162835082033343,0,0,0,0.0882565974856189,0,0,0,0,0,0,0,0,0.0,0.0,0.0,0,0,0.0,0.0,0.0,0.0,0.0,5.507871666590168e-05,0.0,0.0098835932352295,0,0,0,0,0,0,0.0,0,0,0,0,0,0,0.0263574064312071,0.0001228400622389,0,0,0,0,0,0.0204646426967093,0,0,0,0.0,0.0,0,0.0,0.0,0.0,0.0,0.0,0,0
AuRT,0.0,0.0001581970404984,8.850340738118418e-05,0,0,0,0,0,0,0.0,0.0,0,0.0,0.0,0.0,0,0,0,0.0,0,0,0,0,0,0.0,0.0,0,0,0.0,0.0,0.0,0.0,0,0.0,0,0,0.0,0.0,0.0,0.0,0.0,0.0,0,0.0,0.0,0.0,0.0,0.0,0,0.0,0,0.0315167432698621,0,0,0.0001377085300598,0.0960250111656989,0.0006014895859396,0,0,0,0.0,0,0,0,0,0,0,0,0,0.0,0.0,0.0,0,0,0.0,0.0,0.0,0.0,0.0,0.0,0.0,0.0001098177026136,0,0,0,0,0,0,9.348415443582313e-05,0,0,0,0,0,0,0.0,0.0,0,0,0,0,0,0.0035297629767417,0,0,0,0.0,0.0,0,0.0,0.0,0.0,0.0,0.0,0,0
AuRTL,0.0,0.0003415774659992,8.850340738118418e-05,0,0,0,0,0,0,0.0,0.0,0,0.0,0.0,0.0,0,0,0,0.0,0,0,0,0,0,0.0,0.0,0,0,0.0,0.0,0.0,0.0,0,0.0,0,0,0.0,0.0,0.0,0.0,0.0,0.0,0,0.0,0.0,0.0,0.0,0.0,0,0.0,0,0.0013131976362442,0,0,7.869058860560277e-05,0.0230013398838767,0.004558656487686,0,0,0,0.0725018123152987,0,0,0,0,0,0,0,0,0.0,0.0,0.0,0,0,0.0,0.0,0.0,0.0,0.0,0.0,0.0,0.0012079947287502,0,0,0,0,0,0,0.0,0,0,0,0,0,0,0.0008626060286576,0.0,0,0,0,0,0,0.0006618623658494,0,0,0,0.0,0.0,0,0.0,0.0,0.0,0.0,0.0,0,0
AuRTM,0.0,0.0003042250778816,4.425170369059209e-05,0,0,0,0,0,0,0.0,0.0,0,0.0,0.0,0.0,0,0,0,0.0,0,0,0,0,0,0.0,0.0,0,0,0.0,0.0,0.0,0.0,0,0.0,0,0,0.0,0.0,0.0,1.3961020829843078e-05,0.0,0.0,0,0.0,0.0,0.0,0.0,0.0,0,0.0,0,0.0032829940906106,0,0,0.0001573811772112,0.0209915140687807,0.0004712657007818,0,0,0,0.022403029767903,0,0,0,0,0,0,0,0,0.0,0.0,0.0,0,0,0.0,0.0,0.0,0.0,0.0,0.0,0.0,0.0,0,0,0,0,0,0,0.0,0,0,0,0,0,0,2.3961278573824696e-05,0.0,0,0,0,0,0,0.0020631602685925,0,0,0,0.0,0.0,0,0.0,0.0,0.0,0.0,0.0,0,0
DI,0.0008920322405938,0.0001797429675563,0.0002655102221435,0,0,0,0,0,0,0.0,0.0,0,0.0,1.2687779131140883e-05,0.0003388171516771,0,0,0,0.0016864642909517,0,0,0,0,0,0.0,3.0186856642617805e-05,0,0,0.0008016567572984,0.0004318428585529,0.0002475758200949,0.0,0,0.0001029648367627,0,0,0.0003386599123448,0.0,0.0004051863857374,2.792204165968616e-05,0.0001445248962933,0.0001782531194295,0,1.145947928126146e-05,0.0003872431837051,7.18390804597701e-05,0.0002725010950931,0.0,0,6.161176373942331e-05,0,0.0,0,0,0.002163991186654,0.0,0.0016297953624351,0,0,0,0.0014083551477303,0,0,0,0,0,0,0,0,0.0,0.0,0.0,0,0,0.0,0.0,0.0,0.0008423309594915,0.0,0.0003901409097168,0.0,0.0135075774214803,0,0,0,0,0,0,0.0135448227314798,0,0,0,0,0,0,0.0006287248306303,0.0001637867496519,0,0,0,0,0,0.0142680640662365,0,0,0,0.0,0.0,0,0.0,0.0,0.0,0.0,0.0,0,0
Ent,0.0,0.000589072929642,4.425170369059209e-05,0,0,0,0,0,0,0.0,0.0,0,0.0006464359985207,0.0001830264121191,0.0,0,0,0,0.0,0,0,0,0,0,0.0,9.056056992785342e-05,0,0,0.0,0.0,0.0,4.164410944071961e-05,0,0.0001309757694826,0,0,0.0,0.0,0.0,4.188306248952923e-05,0.0,0.0,0,1.145947928126146e-05,0.0003872431837051,0.0,0.000869532568233,0.0012357666166475,0,0.0013753702920016,0,0.0,0,0,3.9345294302801385e-05,0.0002233139794551,0.0003532409860469,0,0,0,8.540623605831275e-05,0,0,0,0,0,0,0,0,0.0,0.0,6.435420554733252e-05,0,0,0.0,0.0,0.0,0.0,0.000594247682434,0.0004549700608297,3.099045493987852e-05,0.0003294531078409,0,0,0,0,0,0,0.0006076470038328,0,0,0,0,0,0,0.0059203061590544,4.094668741298829e-05,0,0,0,0,0,0.003218988471627,0,0,0,0.0,0.0,0,0.0,0.0,0.0,0.0,0.0,0,0
FST,0.0,0.0184062899485238,0.0007080272590494,0,0,0,0,0,0,0.0040902493732682,0.0005903187721369,0,0.0012631922416026,0.0005708614892185,0.0,0,0,0,0.0,0,0,0,0,0,0.0,0.0001207474265704,0,0,0.0,0.0,0.0635031978543429,0.0066485867751425,0,0.012731681920543,0,0,0.0002960690772267,0.0004248088360237,0.0,0.004327394256606,0.0,0.0035697489907189,0,0.0050373992317264,0.0020836611311728,0.0232964105941522,0.0005446209482857,0.0001765380880925,0,0.0493314212509069,0,0.0032829940906106,0,0,0.047919062444488,0.0026797677534613,0.0125046882541487,0,0,0,0.0003603758101658,0,0,0,0,0,0,0,0,0.000885269121813,0.0030651340996168,0.0068858999935645,0,0,0.0027780689799769,0.0,0.0001203900638067,0.0001148633126579,0.0016910935738444,0.0170795362429945,8.502557043190709e-05,0.1446299143421919,0,0,0,0,0,0,8.294166436273154e-05,0,0,0,0,0,0,0.0364426545505585,0.0299729751863074,0,0,0,0,0,0.0560196642206745,0,0,0,0.0031925005681182,0.0005853303117126,0,0.0030884394582119,0.0433845469084982,0.1450318604951594,0.0229871764345466,0.0009961366151997,0,0
GI,0.0060530759183153,0.0011484778054885,0.0007080272590494,0,0,0,0,0,0,0.0,0.0,0,0.0,9.515834348355665e-05,0.0006023416029815,0,0,0,0.0060859363543041,0,0,0,0,0,0.0,0.0,0,0,0.0041263314571824,0.0004143774175067,0.0003301010934598,0.0,0,0.0004105250996945,0,0,0.0,0.0,0.0013366885609485,0.0011082795552158,0.0005105018262912,0.0025897912146228,0,0.0011863754681479,0.0025598987825021,0.0,0.0001841556501549,8.826904404625298e-05,0,3.526590492312033e-05,0,0.0,0,0,0.0179007454569819,0.0002233139794551,0.0136318685000381,0,0,0,0.0007738575106887,0,0,0,0,0,0,0,0,0.0,0.0,0.0,0,0,0.0,0.0005694760820045,0.0,0.0015697986063251,0.0,0.000358222866254,0.0,0.0203162749835273,0,0,0,0,0,0,0.0420410881080014,0,0,0,0,0,0,0.0022538128254645,4.094668741298829e-05,0,0,0,0,0,0.0104780455097462,0,0,0,0.0,0.0,0,0.0,2.669015400218859e-05,0.0,0.0,0.0,0,0
Gu,0.0,0.0,0.0016815647402424,0,0,0,0,0,0,0.0,0.0,0,0.0,0.0,0.0,0,0,0,0.0010632057486434,0,0,0,0,0,0.0,0.0,0,0,8.102414519526819e-05,0.015361267397098,0.0025170208376315,0.0,0,0.0009742903076305,0,0,3.8887808671981336e-05,0.0,0.0,0.0005403939580697,0.0001732501732501,0.000227119115776,0,0.0002406490649064,0.0,0.000557724055115,0.0094945069669077,0.0001765380880925,0,2.053725457980777e-05,0,0.0,0,0,0.0,0.0,0.0,0,0,0,3.89529448426301e-05,0,0,0,0,0,0,0,0,0.0,0.0,0.0,0,0,0.0,0.0,0.0,0.0019909640860709,0.0,4.320002486327968e-05,0.0,0.0001098177026136,0,0,0,0,0,0,0.0007741222007188,0,0,0,0,0,0,0.0,0.0,0,0,0,0,0,0.0,0,0,0,0.0,0.0,0,0.0,2.669015400218859e-05,0.0,0.0,0.0,0,0
Ipro,0.0,0.0002284189800174,0.0014603062217895,0,0,0,0,0,0,0.0,0.0,0,0.0,0.0001633827547517,0.0003011708014907,0,0,0,7.332453438920664e-05,0,0,0,0,0,0.0,0.0,0,0,0.0,0.0002909937436345,0.0006189395502372,0.0,0,2.640380214750924e-05,0,0,0.0,0.0,0.0,6.980510414921539e-05,0.0,0.0,0,1.145947928126146e-05,0.0,7.18390804597701e-05,8.284093124342932e-05,0.0,0,0.0,0,0.0,0,0,0.0055083412023921,0.004019651630192,0.0039888648647161,0,0,0,0.0375341154476185,0,0,0,0,0,0,0,0,0.0,0.0,0.0,0,0,0.0,0.0,0.0,7.657554177195804e-05,0.0,0.0001126664453585,0.0,0.0174610147155721,0,0,0,0,0,0,0.0042340051312643,0,0,0,0,0,0,0.0018073849034634,0.0003685201867168,0,0,0,0,0,0.0378672380468747,0,0,0,0.0,0.0,0,0.0,0.0,0.0,0.0,0.0,0,0
LIP,0.0001274331772276,0.0002262388015474,0.0033631294804849,0,0,0,0,0,0,0.0151735057395434,0.0112160566706021,0,0.0381700652909499,0.0218746912057516,0.0,0,0,0,3.666226719460332e-05,0,0,0,0,0,0.0,0.0,0,0,0.0,0.0,0.0007014648236022,0.0002082205472035,0,0.0056957933544217,0,0,0.0003544973565138,0.0,0.0001081314878892,0.0498987039156634,0.0,0.0006679389312977,0,0.0321957264032414,0.0033305838753902,0.0105762958603651,0.0001420327038254,8.826904404625298e-05,0,0.0792266385498933,0,0.0,0,0,0.0008262511803588,0.0,7.569449701006738e-05,0,0,0,0.0,0,0,0,0,0,0,0,0,0.0,0.0,0.0021236887830619,0,0,0.2125663404271924,0.0002847380410022,0.0162927886351779,0.0024504173367026,0.0228587275176293,0.1080548591884578,0.081399278701839,0.0,0,0,0,0,0,0,0.0,0,0,0,0,0,0,0.013937263678513,0.0,0,0,0,0,0,0.00125025005001,0,0,0,0.0060376290260144,0.0067370917394044,0,0.1136118186210698,0.0056687361687844,0.0033363794114101,0.0073708013369967,0.0035733980979218,0,0
MIP,0.0,0.0,0.0,0,0,0,0,0,0,0.0335136561551655,0.0005903187721369,0,0.0055609300797766,0.0063490624775111,0.0,0,0,0,0.0,0,0,0,0,0,0.0,0.0,0,0,0.0,0.0,0.0023519702909015,0.0,0,0.0004470691600992,0,0,5.842827928717499e-05,0.0004248088360237,0.0,0.0148046432061971,0.0,0.000481973169838,0,0.0084800146681334,0.0004905567819475,0.0296736123397475,1.943861286058627e-05,0.0,0,0.0324488448537394,0,0.0,0,0,3.9345294302801385e-05,0.0,4.77520712460903e-05,0,0,0,0.0,0,0,0,0,0,0,0,0,0.0597619000119698,0.0,0.0,0,0,0.0160195691154913,0.0,0.1310245194429953,7.657554177195804e-05,0.0009507962918944,0.0136049455926567,0.0381953393520947,0.0,0,0,0,0,0,0,0.0,0,0,0,0,0,0,4.336513443191674e-05,0.0,0,0,0,0,0,0.0,0,0,0,0.0019948969472654,0.0007059293649985,0,0.0642442327877222,0.0068356946737463,0.012964493328218,0.0065477029174396,0.0625306418101759,0,0
MST,0.0015291981267322,0.0027672742267458,0.0001770068147623,0,0,0,0,0,0,0.0025069270352289,0.0017709563164108,0,0.0038815293413516,0.0070960726343179,0.000112939050559,0,0,0,0.0002199736031676,0,0,0,0,0,0.0,0.0,0,0,0.0001002070946623,0.0,0.0065194965958324,0.0026136321162532,0,0.003318723936553,0,0,0.0005489363998738,0.0008496176720475,0.0,0.0033409398901927,0.0,0.0052767559668099,0,0.0025615129818992,0.0018500748188451,0.0133946282211309,0.0001127872222248,8.826904404625298e-05,0,0.0063522258577228,0,0.0604070912672357,0,0,0.051107784291177,0.0037963376507369,0.0334117512273671,0,0,0,0.0057268157363252,0,0,0,0,0,0,0,0,0.0136817719347244,0.0068965517241379,0.0,0,0,0.0937189278398155,0.0,0.0033307917653196,0.0021058273987288,0.0376260392411602,0.0809486135100136,0.0014279576633448,0.0510652317153525,0,0,0,0,0,0,0.0018050298920559,0,0,0,0,0,0,0.0059529645712649,0.0001228400622389,0,0,0,0,0,0.0746269745308127,0,0,0,0.0113420576815009,0.0037348713330263,0,0.0083253927740223,0.0061131993791206,0.1172425032249598,0.3122128570102661,0.0041971109506456,0,0
OPAl,0.0,0.0034457024698972,0.0065935038498982,0,0,0,0,0,0,0.0,0.0005903187721369,0,0.0,2.4563333054765467e-05,0.0,0,0,0,0.0001466490687784,0,0,0,0,0,0.0004288164665523,0.0005131765629245,0,0,0.0,3.701510216168197e-05,0.0035485867546936,2.082205472035981e-05,0,0.0001976306244839,0,0,0.0,0.0,0.0,0.0,0.0,0.0,0,0.0001260542720938,0.0,0.0003745318352059,0.0047475766826291,0.0,0,4.1074509159615545e-05,0,0.0,0,0,3.9345294302801385e-05,0.0008932559178204,0.0004978526631655,0,0,0,9.290658243136526e-05,0,0,0,0,0,0,0,0,0.0,0.0,0.0,0,0,0.0,0.0,0.0,3.828777088597902e-05,0.0,9.441247709945635e-05,0.0,0.0084559631012519,0,0,0,0,0,0,0.0005589148022324,0,0,0,0,0,0,0.0029542822545514,0.0,0,0,0,0,0,0.0051063503481692,0,0,0,0.0,0.0,0,0.0,8.007046200656577e-05,0.0,0.0,0.0,0,0
OPro,0.0,0.0047742936672882,0.0113284361447915,0,0,0,0,0,0,0.0,0.0,0,0.0,5.6315819113589015e-05,0.0,0,0,0,0.0,0,0,0,0,0,0.0186535162950257,0.0022036405349111,0,0,0.0,0.0003701510216168,0.0033010109345987,0.0001665764377628,0,0.0008015932617809,0,0,0.0,0.0,0.0,0.0002830066254659,0.0,3.1806615776081425e-05,0,0.0006761092775944,0.0002452783909737,0.000590893531669,0.0062393092262886,0.0001765380880925,0,9.687766866254364e-05,0,0.0,0,0,0.0002163991186654,0.0,2.387603562304515e-05,0,0,0,8.540623605831275e-05,0,0,0,0,0,0,0,0,0.0,0.0,0.0,0,0,0.0,0.0,0.0,0.0004977410215177,0.0,2.6710125744316435e-05,0.0,0.0017570832418185,0,0,0,0,0,0,0.0003594138789051,0,0,0,0,0,0,0.0005637467476149,8.189337482597657e-05,0,0,0,0,0,0.0019404254187382,0,0,0,0.0,0.0,0,0.0,1.3451708366962603e-05,0.0,0.0,0.0,0,0
OPt,0.0,0.0001276650070215,0.001725816443933,0,0,0,0,0,0,0.0112151998944451,0.0188902007083825,0,0.020258766826666,0.0083626424602821,0.0,0,0,0,0.0,0,0,0,0,0,0.0,0.0,0,0,0.0,0.0,0.0014029296472044,0.000812060134094,0,0.0041946777202617,0,0,1.9443904335990668e-05,0.0,0.0,0.0144227114345513,0.0,0.0008972187070525,0,0.0142116704839882,0.0001419647927314,0.0104337823456504,9.194556822361162e-05,0.0013240356606937,0,0.0465315146706454,0,0.0,0,0,0.0014361032420522,0.0,4.9107534626400926e-05,0,0,0,0.0,0,0,0,0,0,0,0,0,0.1721545039832954,0.0015325670498084,0.1841817362764656,0,0,0.0,0.0002847380410022,0.0048156025522693,0.0078489930316256,0.0741396450342644,0.1699455160831446,0.0166722391495399,0.0,0,0,0,0,0,0,5.529444290848771e-05,0,0,0,0,0,0,0.0036666325708548,0.0,0,0,0,0,0,0.0014002800560112,0,0,0,0.0078726635062761,0.0072364673005092,0,0.0188033171307967,0.0503678351586563,0.0003954732446975,0.0062909571572474,0.0099133843299819,0,0
PE,0.1654082640415432,0.0,4.425170369059209e-05,0,0,0,0,0,0,0.0005277741126797,0.0,0,0.0165613035348588,0.0500591028122044,0.0609117946015133,0,0,0,0.0297754439680362,0,0,0,0,0,0.0,0.0,0,0,0.0994009561098121,0.0129985750612846,0.0113884877243655,2.082205472035981e-05,0,0.0008401322136789,0,0,0.1862112260649496,0.0327102803738317,0.2012610946415458,0.0347037006873845,0.0310397477897372,0.0361691033507468,0,0.0592840943930458,0.0027350343498069,0.0143250334089209,7.0915950415567456e-06,0.0,0,0.0783353118511274,0,0.0,0,0,0.0014951211835064,0.0,0.0,0,0,0,0.0,0,0,0,0,0,0,0,0,0.0024359447525568,0.0942528735632184,0.0043760859772186,0,0,0.0053473229713157,0.0,0.2349211445082066,0.2056053296577073,0.1418778065976365,0.0171806849987644,0.0,0.0001098177026136,0,0,0,0,0,0,0.0753673388384998,0,0,0,0,0,0,0.0014744145706851,4.094668741298829e-05,0,0,0,0,0,6.506389493711351e-05,0,0,0,7.644437048618631e-05,2.575936522037916e-05,0,0.0030354216378444,0.0030500289890429,0.0021195558782346,0.0048766835241358,0.0343935930813535,0,0
PEC,0.0015929147153461,0.0,0.0,0,0,0,0,0,0,0.0019791529225491,0.0,0,0.0207099506751598,0.0406379106239317,0.0,0,0,0,3.666226719460332e-05,0,0,0,0,0,0.0,0.0,0,0,0.0002814383345198,0.0,8.252527336496802e-05,0.0,0,0.0002883553411128,0,0,0.0065578959452714,0.0029736618521665,0.0082796437955412,0.0089225987275786,0.0010047599908423,0.0027678559279367,0,0.0219532062495867,0.0012507240187396,0.003747468150714,4.0739835411064935e-05,0.0,0,0.0010807972851354,0,0.0,0,0,0.0,0.0,4.9107534626400926e-05,0,0,0,0.0,0,0,0,0,0,0,0,0,0.0,0.2398467432950191,0.0014801467275886,0,0,0.0007568148772367,0.003132118451025,0.0,0.0001914388544298,0.0104544268526883,0.0022097579298071,0.0001549522746993,0.0001098177026136,0,0,0,0,0,0,0.0005996865063027,0,0,0,0,0,0,0.0,0.0,0,0,0,0,0,5.001000200040008e-05,0,0,0,0.0002391886687323,0.0003905672275492,0,0.005970723180029,0.0013576003499103,0.001575014475383,0.0049335332842122,0.0328400234660507,0,0
PF,0.0611360667749848,0.0,0.0,0,0,0,0,0,0,0.0,0.0,0,0.0002374380435105,0.0014132393929223,0.0,0,0,0,0.0052712171649228,0,0,0,0,0,0.0,0.0,0,0,0.0232622653770744,0.0126987651206126,0.0007839900969671,0.0,0,0.0027767921342522,0,0,0.0064173680996334,0.0293118096856414,0.0039828500480186,0.0028974030683077,0.0008382014999693,0.0990967383269966,0,0.0319901320733166,0.0023263124701744,0.0028735632183908,0.0,0.0,0,0.0224158933516853,0,0.0,0,0,0.0021246458923512,0.0,2.387603562304515e-05,0,0,0,2.3226645607841318e-05,0,0,0,0,0,0,0,0,0.0,0.0061302681992337,0.0023811056052513,0,0,0.0019394066463989,0.0005694760820045,0.0001203900638067,0.0,0.062476445594023,0.0067111205801533,0.0,0.0003294531078409,0,0,0,0,0,0,0.0689817404537158,0,0,0,0,0,0,0.0025151777970511,0.0,0,0,0,0,0,9.03233576202806e-05,0,0,0,5.443926530178353e-05,0.0,0,0.0,0.0005338030800437,0.0002214348981399,0.000266733986176,0.0,0,0
PFG,0.041256491127465,4.493574188909859e-05,0.0004867687405965,0,0,0,0,0,0,0.0001319435281699,0.0,0,0.0054610750007419,0.029922715861339,0.0106915634529232,0,0,0,0.003730669746773,0,0,0,0,0,0.0,0.0,0,0,0.0156907920294498,0.0019310379726154,0.0009903032803796,0.0,0,0.0104461896591733,0,0,0.011113799700833,0.0016992353440951,0.0087807266955684,0.0098367981892231,0.0026299165479984,0.0268513132016186,0,0.0330498145442959,0.0126554069906505,0.0049013236241826,0.0004797924687357,0.0006178833083237,0,0.1542778321980742,0,0.0,0,0,0.0333328658644901,0.0,0.0062351593109222,0,0,0,0.0001558117793705,0,0,0,0,0,0,0,0,0.0140845070422535,0.0061302681992337,0.0383551065062101,0,0,0.0344050976659405,0.0187927107061503,0.0062602833179501,0.2168236465272992,0.0,0.0863634427486881,0.0001549522746993,0.0209751811992093,0,0,0,0,0,0,0.0905485710661398,0,0,0,0,0,0,0.0079643383023303,4.094668741298829e-05,0,0,0,0,0,0.0041056413847952,0,0,0,0.0009775715146051,9.856682588936676e-05,0,0.0024938565146383,0.0005071129260415,0.00638219293038,0.0167122947617971,0.0054947358223475,0,0
PG,0.0025805218388607,0.00024714658039,0.0016815647402424,0,0,0,0,0,0,0.0051457975986277,0.0023612750885478,0,0.0119598762630176,0.0237697521130754,0.0,0,0,0,0.0017597888253409,0,0,0,0,0,0.0,0.0,0,0,0.0006154619833942,0.0,0.0001650505467299,0.0004912806427616,0,0.0084905297209494,0,0,0.0011453885002349,0.0,0.0001081314878892,0.0166536174018957,0.000247278698184,0.0017116041420037,0,0.0245128030562619,0.0065041525886161,0.0057624708485232,0.0001535014558735,0.001765380880925,0,0.0929466805359332,0,0.0,0,0,0.0077903682719546,0.0,0.0020684606130526,0,0,0,0.0,0,0,0,0,0,0,0,0,0.1130725571559669,0.0,0.3130188557822254,0,0,0.0797869013872535,0.0,0.0035314418716641,0.0028715828164484,0.1348343301776793,0.0,0.0236918992816184,0.0026356248627278,0,0,0,0,0,0,0.0025731817196271,0,0,0,0,0,0,0.0216871246386741,8.189337482597657e-05,0,0,0,0,0,0.0015421401857296,0,0,0,0.0020460986705006,0.0009924824512874,0,0.010923387109474,0.0046054396197442,0.0010221496763969,0.0104193574900782,0.0009327995768498,0,0
PGM,0.0,6.740361283364789e-05,0.0001770068147623,0,0,0,0,0,0,0.0,0.1800472255017709,0,0.0580513772383927,0.121265958885985,0.0,0,0,0,0.0,0,0,0,0,0,0.0,0.0,0,0,0.0,0.0,8.252527336496802e-05,0.0039145462874276,0,0.0014153773089714,0,0,5.842827928717499e-05,0.0,0.0005858821463952,0.034450782260214,0.0,0.0018003905240097,0,0.0111682206472013,0.0126826543615728,0.0072882191957301,0.0016139391315568,0.0001765380880925,0,0.010221523999988,0,0.0,0,0,0.0010426502990242,0.0,0.0004541669820604,0,0,0,0.0,0,0,0,0,0,0,0,0,0.039480509117025,0.0,0.0030246476607246,0,0,0.0048226674509873,0.0,0.0178177294433966,0.0,0.0024166072418984,0.0092070806512614,0.0,0.0,0,0,0,0,0,0,0.0,0,0,0,0,0,0,0.000288709507881,0.0,0,0,0,0,0,0.0023504700940188,0,0,0,7.644437048618631e-05,0.0004782359857205,0,0.0050700864897107,0.0,0.0001378549765646,0.0028828168655912,0.0,0,0
Pga-IPa,9.557488292076844e-05,0.0130926491568061,0.0095583679971678,0,0,0,0,0,0,0.0,0.0005903187721369,0,0.0003264773098269,0.0004234822269401,0.0,0,0,0,3.666226719460332e-05,0,0,0,0,0,0.0,0.0002113079964983,0,0,0.0,1.233836738722732e-05,0.0208788941613369,0.0023396199344161,0,0.0054637708742667,0,0,0.0,0.0,0.0,0.0030144333670093,0.0,0.0021295663340455,0,0.0032153420260058,0.0020836611311728,0.0092812912794669,0.0020306046436859,0.0005296142642775,0,0.0139881184869974,0,0.0032829940906106,0,0,0.0152642211813249,0.0,0.0033819534252553,0,0,0,0.000423281007105,0,0,0,0,0,0,0,0,0.0003541076487252,0.0,0.0003861252332839,0,0,0.0060278855225914,0.0,0.0,0.0001914388544298,3.9616512162269234e-05,0.0074097493264137,6.198090987975704e-05,0.0,0,0,0,0,0,0,0.0057178108559424,0,0,0,0,0,0,0.1405033971606654,0.0004504135615428,0,0,0,0,0,0.0297152072071546,0,0,0,0.0006918007466236,8.97757165498212e-05,0,0.000270782561603,0.0014607634617177,0.0577356748247345,0.0012286866110983,0.0,0,0
PaIL,0.0,0.0009735202492211,0.0,0,0,0,0,0,0,0.0,0.0,0,0.0,0.0,0.0,0,0,0,0.0,0,0,0,0,0,0.0,0.0,0,0,0.0,0.0,0.0,0.0,0,0.0,0,0,0.0,0.0,0.0,0.0,0.0,0.0,0,0.0,0.0,0.0,0.0,0.0,0,0.0,0,0.0,0,0,7.869058860560277e-05,0.002009825815096,0.0013970092365594,0,0,0,0.0336790595526126,0,0,0,0,0,0,0,0,0.0,0.0,0.0,0,0,0.0,0.0,0.0,0.0,0.0,0.0,0.0,0.0002196354052273,0,0,0,0,0,0,0.0,0,0,0,0,0,0,0.0005031868500503,0.0,0,0,0,0,0,0.0018608165542303,0,0,0,0.0,0.0,0,0.0,0.0,0.0,0.0,0.0,0,0
PaIM,0.0,0.0015272723086816,0.0004867687405965,0,0,0,0,0,0,0.0,0.0,0,0.0,0.0,0.0,0,0,0,0.0,0,0,0,0,0,0.0,0.000392429136354,0,0,0.0,0.0,0.0,0.0,0,0.0,0,0,0.0,0.0,0.0,0.0,0.0,0.0,0,0.0,0.0,0.0,1.4183190083113493e-05,0.0,0,0.0,0,0.0,0,0,0.0002163991186654,0.0004466279589102,0.0006248433163401,0,0,0,0.0121486059677091,0,0,0,0,0,0,0,0,0.0,0.0,0.0,0,0,0.0,0.0,0.0,0.0002297266253158,0.0,0.0,2.3044660552150065e-05,0.0001098177026136,0,0,0,0,0,0,4.674207721791156e-05,0,0,0,0,0,0,0.0008534911832262,0.0,0,0,0,0,0,0.0019016388332161,0,0,0,0.0,0.0,0,0.0,0.0,0.0,0.0,0.0,0,0
Pir,0.0,0.0002130519935946,0.0004867687405965,0,0,0,0,0,0,0.0,0.0,0,0.0,0.0,0.0,0,0,0,0.0,0,0,0,0,0,0.0004288164665523,3.0186856642617805e-05,0,0,0.0,0.0,0.0001650505467299,0.0,0,3.609456776755098e-05,0,0,0.0,0.0,0.0,0.0,0.0,0.0,0,1.145947928126146e-05,0.0,0.0,0.0031097368168734,0.0,0,0.0,0,0.0,0,0,0.0,0.0,0.0,0,0,0,1.947647242131505e-05,0,0,0,0,0,0,0,0,0.0,0.0,0.0,0,0,0.0,0.0,0.0,0.0,0.0005636978579481,0.0,0.0,0.0007687239182956,0,0,0,0,0,0,0.0,0,0,0,0,0,0,6.732641300574145e-05,0.0,0,0,0,0,0,0.0,0,0,0,0.0,0.0,0,0.0,0.0,0.0,0.0,0.0,0,0
ProM,0.0002548663544553,0.0008787354794407,0.0063722453314452,0,0,0,0,0,0,0.0,0.0,0,0.0,6.126853303190308e-05,0.0,0,0,0,0.0029329813755682,0,0,0,0,0,0.0,0.0,0,0,0.0044759168949161,0.011072048007832,0.0194759645141324,6.246616416107942e-05,0,0.0031344998749565,0,0,0.000408418557335,0.0012744265080713,0.0006214493615159,0.0039933949646907,0.0028028707274602,0.0125766734718478,0,0.0031459464252436,0.0,0.0016674314493317,0.0238205552797938,8.826904404625298e-05,0,0.0021553716865302,0,0.0,0,0,0.0007672332389046,0.0,0.0,0,0,0,0.0001011325352931,0,0,0,0,0,0,0,0,0.0,0.0,0.0001287084110946,0,0,5.241639584862145e-05,0.0,0.0,0.0084998851366873,0.0028977223140652,0.0002865012701795,0.0,0.0041730726993191,0,0,0,0,0,0,0.0121829547707533,0,0,0,0,0,0,0.0005637467476149,0.0002047334370649,0,0,0,0,0,0.0003612934304811,0,0,0,0.0,0.0,0,0.0,2.669015400218859e-05,0.0,0.0,0.0,0,0
ProSt,0.0,0.0021250017021386,0.0015488096291707,0,0,0,0,0,0,0.0,0.0070838252656434,0,0.0036375726767078,0.0041979434592558,0.0,0,0,0,0.0,0,0,0,0,0,0.0019296740994854,0.0017810245419144,0,0,0.0,0.0,0.0,0.0034688344677731,0,0.0003592146348465,0,0,0.0,0.0,0.0,0.0007841577050658,0.0,3.1806615776081425e-05,0,0.0,0.0016577667529786,4.419889502762432e-05,0.003850476826436,0.00070615235237,0,0.0001174149232423,0,0.0,0,0,0.0007082152974504,0.0,0.0053575214219285,0,0,0,0.0,0,0,0,0,0,0,0,0,0.0011737089201877,0.0,0.0073363794323959,0,0,0.0016478936066633,0.0002847380410022,0.0,0.0,0.0,0.0035193201515511,0.0107006682905853,0.0,0,0,0,0,0,0,0.0,0,0,0,0,0,0,0.0007188383572147,0.0,0,0,0,0,0,0.0172988532794172,0,0,0,0.0,1.2953032304862567e-05,0,7.456009543692215e-05,8.656884387309007e-05,0.0,0.010753763505623,0.0001905850962454,0,0
ReI,0.0091433304660868,0.0002773653058662,0.0,0,0,0,0,0,0,0.0,0.0,0,0.0,0.0007858631191541,0.0042163912208711,0,0,0,0.0068110323870962,0,0,0,0,0,0.0,0.0,0,0,0.0041114408550425,0.0023432370872401,0.0,0.0,0,0.0,0,0,0.0021354468617312,0.0008496176720475,0.0005838854565022,0.0001210596262266,8.662508662508664e-05,0.0013713537992455,0,0.0005042170883755,0.0022256259239042,1.4732965009208102e-05,1.943861286058627e-05,0.0,0,0.0,0,0.0013131976362442,0,0,0.0668794039460603,0.0,0.0815977934556039,0,0,0,0.0044672533465948,0,0,0,0,0,0,0,0,0.0,0.0,0.0,0,0,0.0003144983750917,0.0170842824601366,0.0,0.0005360287924037,0.0028581058019029,0.0011072025415786,0.0,0.006808697562047,0,0,0,0,0,0,0.0305074695700289,0,0,0,0,0,0,0.0,0.0,0,0,0,0,0,0.0177758891333875,0,0,0,5.443926530178353e-05,0.0,0,0.0,0.0,0.0,0.0,0.0,0,0
S2E,0.0694192232947848,9.579645169942908e-05,8.850340738118418e-05,0,0,0,0,0,0,0.0,0.0,0,0.000148398777194,0.004334378142685,0.0013176222565222,0,0,0,0.0033729285819035,0,0,0,0,0,0.0,0.0,0,0,0.0369737331835114,0.0078598739317214,0.0,0.0,0,0.0006701125294154,0,0,0.0126151029643036,0.0025488530161427,0.0076616373520211,0.0046645944821579,0.0042500861917257,0.0561063142754509,0,0.0176600344460675,0.0067362860715217,0.000218951025052,0.0001397963450673,0.0,0,0.0010691800766624,0,0.0006565988181221,0,0,0.0041885208350863,0.0,0.0009167775973378,0,0,0,1.947647242131505e-05,0,0,0,0,0,0,0,0,0.0,0.0,0.0001930626166419,0,0,0.0012579935003669,0.0062642369020501,0.0001203900638067,0.0255762309518339,0.0207503876567275,0.0031144953787399,0.0,0.0014276301339775,0,0,0,0,0,0,0.0,0,0,0,0,0,0,0.0003035559410234,4.094668741298829e-05,0,0,0,0,0,0.0014344592288121,0,0,0,0.0001088785306035,3.0795762503079576e-05,0,0.0,0.0,7.381163271331562e-05,0.0004194826251572,0.0,0,0
S2I,0.0560705979801841,6.40950322289844e-05,0.0,0,0,0,0,0,0,0.0,0.0,0,2.9679755438815187e-05,0.003553367886706,0.0128374054135451,0,0,0,0.0067532550134196,0,0,0,0,0,0.0,6.037371328523561e-05,0,0,0.0409480679127074,0.0127445964198118,0.0,0.0,0,4.7304159249486434e-05,0,0,0.0134844046435206,0.0,0.0033979543075304,0.0003902975679668,0.0009058799439214,0.0074959323618446,0,0.0002177301063439,0.0036956171243533,0.000237311119721,7.0915950415567456e-06,0.0,0,2.053725457980777e-05,0,0.0,0,0,0.0340147860395104,0.0,0.0035659127978288,0,0,0,0.0001086328816661,0,0,0,0,0,0,0,0,0.0,0.0,0.0,0,0,5.241639584862145e-05,0.0367312072892938,0.0,0.0003828777088597,0.0054298293309936,0.0010581609752197,0.0,0.0059301559411377,0,0,0,0,0,0,0.0758545497176879,0,0,0,0,0,0,0.0002601908065915,0.0,0,0,0,0,0,0.0034011619569653,0,0,0,8.687342541916427e-05,0.0,0,0.0,0.0,0.0005904930617065,4.29553264604811e-05,0.0,0,0
S2PR,0.0001592914715346,0.0003337094835635,0.0007965306664306,0,0,0,0,0,0,0.0,0.0,0,0.0,2.042284434396769e-05,3.764635018634943e-05,0,0,0,7.332453438920664e-05,0,0,0,0,0,0.0,0.0,0,0,0.0005344378381989,0.0163035157800164,0.0041675263049308,0.0,0,0.0013702389128685,0,0,0.0,0.0012744265080713,0.0,0.000265451732871,0.0001283961810277,0.0089841815760222,0,0.0001489732306563,0.0001419647927314,1.0689470871191876e-05,0.0011696615400058,0.0,0,6.161176373942331e-05,0,0.0,0,0,0.0006491973559962,0.0,2.387603562304515e-05,0,0,0,0.0,0,0,0,0,0,0,0,0,0.0,0.0,6.435420554733252e-05,0,0,0.0,0.0,0.0,0.0167317558771728,0.0,0.0001762013195096,0.0,0.0003294531078409,0,0,0,0,0,0,0.019031771405319,0,0,0,0,0,0,0.0020381613183,0.0,0,0,0,0,0,0.0001957006081772,0,0,0,0.0,0.0,0,0.0,0.0,0.0,0.0,0.0,0,0
S2PV,0.0019114976584153,0.0,8.850340738118418e-05,0,0,0,0,0,0,0.0,0.0,0,0.0,8.664409129418486e-05,0.0,0,0,0,0.0016498020237571,0,0,0,0,0,0.0,0.0,0,0,0.0091522479791569,0.0141595249876252,0.0019806065607592,0.0,0,0.0010046544049434,0,0,5.842827928717499e-05,0.0042480883602378,0.0,0.0007871718641948,0.000375939849624,0.0300665150361116,0,2.291895856252292e-05,0.0,0.0,0.0007931295400267,0.0,0,5.58031595029281e-05,0,0.0,0,0,0.0015934844192634,0.0,7.569449701006738e-05,0,0,0,9.738236210657526e-05,0,0,0,0,0,0,0,0,0.0,0.0,6.435420554733252e-05,0,0,0.0,0.0,0.0,0.0266482885366414,0.0067643742953776,0.0004133015829199,0.0,0.0047221612123874,0,0,0,0,0,0,0.0636025247079757,0,0,0,0,0,0,6.732641300574145e-05,0.0,0,0,0,0,0,0.0008430180044559,0,0,0,4.3436712709582136e-05,0.0,0,0.0,0.0,0.0,0.0,0.0,0,0
STR,0.0,0.0223169873090023,0.0018143198513142,0,0,0,0,0,0,0.0,0.0,0,0.0,0.0,0.0,0,0,0,0.0,0,0,0,0,0,0.0081475128644939,0.0042261599299664,0,0,0.0,0.0,0.0,4.164410944071961e-05,0,1.804728388377549e-05,0,0,0.0,0.0,0.0,0.0001210596262266,0.0,0.0,0,0.0,0.0,0.0,0.0007976804660985,0.0,0,0.0,0,0.0019697964543663,0,0,0.0006098520616934,0.0133988387673068,0.0080173490203965,0,0,0,0.0820479057563618,0,0,0,0,0,0,0,0,0.0,0.0,0.0,0,0,0.0,0.0,0.0,0.0,0.0,9.179786110983611e-06,2.3044660552150065e-05,0.0024159894575005,0,0,0,0,0,0,0.0,0,0,0,0,0,0,0.0337135189533713,0.0,0,0,0,0,0,0.0087626515487959,0,0,0,0.0,0.0,0,0.0,0.0,0.0,0.0,0.0,0,0
TE1,0.0,0.0203756505383302,0.0181431985131427,0,0,0,0,0,0,0.0,0.0,0,0.0,6.3438895655704425e-06,0.0,0,0,0,3.666226719460332e-05,0,0,0,0,0,0.0192967409948542,0.0147613728982401,0,0,0.0,0.0,0.0045801526717557,0.0,0,0.0004641856004318,0,0,5.842827928717499e-05,0.0,0.0,5.584408331937231e-05,0.0,0.0,0,0.0008196721311475,0.0001419647927314,9.363295880149812e-05,0.0012785179141701,0.0015888427928325,0,0.0020101565806178,0,0.0,0,0,0.000491816178785,0.0006699419383653,0.0009916389361901,0,0,0,0.003850658828254,0,0,0,0,0,0,0,0,0.0,0.0,0.0,0,0,0.0,0.0,0.0,0.0003828777088597,0.0,0.0001055675402763,0.0,0.0138370305293213,0,0,0,0,0,0,0.0,0,0,0,0,0,0,0.0570778728253373,0.0051592826140365,0,0,0,0,0,0.0088088310743379,0,0,0,0.0,0.0,0,0.0,0.0011890980608536,0.0002952465308532,0.0,0.0,0,0
TE2,0.0,0.0115267363474681,0.0075227896274006,0,0,0,0,0,0,0.0001319435281699,0.0,0,0.0,1.4078954778397254e-05,0.0,0,0,0,0.0,0,0,0,0,0,0.0002144082332761,0.0009961662692063,0,0,0.0,1.233836738722732e-05,0.0375077367443779,9.988593833832312e-05,0,0.0009540402525183,0,0,0.0,0.0,0.0,0.000265451732871,0.0,0.0001782531194295,0,8.021635496883021e-05,0.0,4.275788348476751e-05,0.0008024790163125,0.0018536499249713,0,0.0011598348615843,0,0.0,0,0,0.0018868211183724,0.0,0.000321232170142,0,0,0,0.0005176388025137,0,0,0,0,0,0,0,0,8.852691218130312e-05,0.0,0.0,0,0,0.0002850673145991,0.0,0.0,0.0019143885442989,0.0002376990729736,0.0004283337618357,0.0,0.026246430924665,0,0,0,0,0,0,0.0,0,0,0,0,0,0,0.0840266677184968,0.1238227827368765,0,0,0,0,0,0.0043737988279296,0,0,0,0.0003475074542963,9.181344827411987e-05,0,0.0,0.0218971681438155,0.0100007537862905,4.29553264604811e-05,0.0,0,0
TE3,3.1858294306922805e-05,0.0409037713302001,0.0272590494734047,0,0,0,0,0,0,0.0042221929014381,0.0,0,0.0004980372213266,0.0001730218695896,0.0,0,0,0,0.0,0,0,0,0,0,0.0002144082332761,0.0033507410873305,0,0,3.3402364887434026e-05,2.467673477445464e-05,0.1182999793686816,0.0011572867722161,0,0.013400226880002,0,0,0.0002766251728907,0.0,0.0,0.006482254181519,0.0,0.0048433743325975,0,0.0083660586003955,0.0032284444996979,0.0089803055674812,0.0029262212616035,0.0063553711713302,0,0.074942585785726,0,0.0,0,0,0.0121380232924142,0.0008932559178204,0.0054331038672991,0,0,0,0.0021882617918147,0,0,0,0,0,0,0,0,0.0174655700966896,0.0022988505747126,0.0014801467275886,0,0,0.0124204930647684,0.0,0.0,0.0139367486024963,0.0283543908271204,0.0392057803456631,0.0001160160253717,0.2923347243575665,0,0,0,0,0,0,0.0038571091727184,0,0,0,0,0,0,0.0,0.2391286544918516,0,0,0,0,0,0.0501760465298334,0,0,0,0.0003705839468037,0.0009019128241591,0,0.0007652454095168,0.1016417035731058,0.06071276436144,0.0019661602047765,0.0004255082256557,0,0
TEO,0.0,2.798768541841589e-05,0.0,0,0,0,0,0,0,0.0081804987465364,0.0005903187721369,0,0.0044989775051124,0.0006185783183057,0.0,0,0,0,0.0,0,0,0,0,0,0.0,0.0,0,0,0.0,0.0,0.030864452238498,0.0,0,0.0016614573560006,0,0,0.0,0.0,0.0,0.0002548595934074,0.0,0.0008331135261983,0,0.0016218356808358,0.0,0.0016095713465063,6.865774116031583e-06,0.0,0,0.0094610198156897,0,0.0,0,0,9.836323575700346e-05,0.0,2.387603562304515e-05,0,0,0,0.0,0,0,0,0,0,0,0,0,0.0039837110481586,0.0,0.0024454598107986,0,0,0.0012910727208059,0.0,0.0,0.0004211654797457,0.0002773155851358,0.0039021827809716,0.0,0.0,0,0,0,0,0,0,0.0,0,0,0,0,0,0,0.0088544281045473,0.0,0,0,0,0,0,0.0,0,0,0,0.0059399524518777,0.0031509104768192,0,0.0004807339378414,0.1799546607535906,0.0281862754076245,0.0018033409263477,8.867606632969762e-05,0,0
TF,0.0,0.0001149557420393,4.425170369059209e-05,0,0,0,0,0,0,0.0072568940493468,0.0,0,0.0001187190217552,1.4078954778397254e-05,0.0,0,0,0,3.666226719460332e-05,0,0,0,0,0,0.0,3.0186856642617805e-05,0,0,0.0,0.0,0.0090365174334639,7.906388361796332e-05,0,0.0001309757694826,0,0,0.0,0.0,0.0,0.0,0.0,0.0,0,2.291895856252292e-05,0.0,0.0,7.525441463999608e-05,0.0,0,0.0005200685277399,0,0.0,0,0,0.0002557444129682,0.0,0.0,0,0,0,1.947647242131505e-05,0,0,0,0,0,0,0,0,8.852691218130312e-05,0.0,0.0005148336443786,0,0,0.0016201637356834,0.0,0.0,0.0001148633126579,0.0065209582961844,0.0038689060331971,0.0,0.0021963540522732,0,0,0,0,0,0,0.0001402262316537,0,0,0,0,0,0,0.0074996806894663,0.0711653427237736,0,0,0,0,0,0.0001252794666839,0,0,0,0.0045200988387336,0.0022196819741607,0,0.0021054293074596,0.0086309412633696,0.0019371941355426,0.0003276933674627,0.0005009513283994,0,0
TFO,0.0,0.0,0.0,0,0,0,0,0,0,0.02322206095791,0.0,0,0.000148398777194,6.3438895655704425e-06,0.0,0,0,0,0.0,0,0,0,0,0,0.0,0.0,0,0,0.0,0.0,0.0012378791004745,0.0,0,0.0003929273084479,0,0,0.0002766251728907,0.0,0.0,5.963029218843173e-05,0.0,0.0,0,0.0003437843784378,0.0,0.0004039977652244,0.0,0.0,0,0.0016892377149353,0,0.0,0,0,0.000196726471514,0.0,2.387603562304515e-05,0,0,0,0.0,0,0,0,0,0,0,0,0,0.0053116147308781,0.0007662835249042,0.0102966728875732,0,0,0.0038777169171205,0.0,0.0,0.0,0.0086635997144038,0.0119155564987141,0.0005268377339779,0.0,0,0,0,0,0,0,2.7647221454243847e-05,0,0,0,0,0,0,0.0213250786555465,0.0787404798951764,0,0,0,0,0,0.0,0,0,0,0.0199914023367408,0.0073870750987433,0,0.0024507719644996,0.0108988834391206,0.0010333628579864,0.0018033409263477,0.0018914910996762,0,0
TH,0.0,0.0027382092714445,0.0016815647402424,0,0,0,0,0,0,0.0007916611690196,0.0088547815820543,0,0.0011076891434408,0.0014850870321195,0.0,0,0,0,0.0001466490687784,0,0,0,0,0,0.0,0.0002414948531409,0,0,0.0,0.0,4.126263668248401e-05,0.0004372631491275,0,0.0003882825261517,0,0,0.0,0.0,0.0,0.0,0.0,0.0,0,0.0002521085441877,0.0002839295854628,0.00032388316519,0.0008654602759371,0.0026480713213875,0,0.0009021848776578,0,0.0,0,0,0.0030295876613157,0.0,0.0039066045030918,0,0,0,0.0004465076527128,0,0,0,0,0,0,0,0,0.0182594029711792,0.0,0.0142222794259604,0,0,0.0106845520575484,0.0,4.0130021268911264e-05,0.0,0.0008715632675699,0.0068053786149403,0.0053622528368742,0.0428289040193279,0,0,0,0,0,0,0.00012113137589,0,0,0,0,0,0,0.0163489154518492,0.0006960936860208,0,0,0,0,0,0.0143869955420601,0,0,0,0.0019461990071138,0.0009220179095937,0,0.0019503935715105,0.0023314142385517,0.0008857395925597,0.0011787840678299,0.0002792611625751,0,0
TL,0.0,8.396305625524769e-05,8.850340738118418e-05,0,0,0,0,0,0,0.0006597176408497,0.0,0,0.0002374380435105,5.6315819113589015e-05,0.0,0,0,0,0.0,0,0,0,0,0,0.0,0.0,0,0,0.0,0.0,0.0003713637301423,0.0,0,0.0001309757694826,0,0,0.0,0.0,0.0,0.0,0.0,0.0,0,0.0001145947928126,0.0,0.0,0.0001089026550095,0.000353076176185,0,0.0014191419635274,0,0.0,0,0,0.0007082152974504,0.0,0.0001910082849843,0,0,0,2.3226645607841318e-05,0,0,0,0,0,0,0,0,0.0006196883852691,0.0,0.0003861252332839,0,0,0.0086224308526342,0.0,0.0,3.828777088597902e-05,0.0087122829142424,0.0050740497835521,0.0001549522746993,0.004831978915001,0,0,0,0,0,0,0.0004186885705786,0,0,0,0,0,0,0.0050813829344407,0.0079436573581197,0,0,0,0,0,0.0011290419702535,0,0,0,0.0012973582402174,0.001084856933577,0,0.000270782561603,0.0020777227249946,0.0004150098224214,8.59106529209622e-05,0.0,0,0
TLO,0.0,0.0002790316761104,0.0003982653332153,0,0,0,0,0,0,0.0079166116901965,0.0041322314049586,0,0.0015433472828183,0.000581804316573,0.0,0,0,0,0.0,0,0,0,0,0,0.0,0.0,0,0,0.0,0.0,0.0,4.164410944071961e-05,0,0.0003739949318816,0,0,0.0,0.0,0.0,0.0009965341198607,0.0,0.0,0,0.0003896222955628,0.0006253620093698,0.0007490636704119,0.0003634381371298,0.0019419189690175,0,0.0014191419635274,0,0.0,0,0,0.0012000314762354,0.0,0.0007892646389408,0,0,0,9.738236210657526e-05,0,0,0,0,0,0,0,0,0.0149182393701206,0.0,0.0059849411159019,0,0,0.0158363105234132,0.0,0.0,3.828777088597902e-05,0.0140638618176055,0.0170599046402154,0.0010679816115092,0.0019767186470459,0,0,0,0,0,0,5.529444290848771e-05,0,0,0,0,0,0,0.0175612875681363,0.0044631889280157,0,0,0,0,0,0.000947377408281,0,0,0,0.0074221027312569,0.0040741463387505,0,0.0027078256160303,0.0033154952231226,0.0002214348981399,0.0007593014426727,0.0009972635143922,0,0
TPO,0.0,0.0877717105523819,0.018762722364811,0,0,0,0,0,0,0.0,0.0,0,0.0012168699729914,0.0022141278521372,0.0,0,0,0,3.666226719460332e-05,0,0,0,0,0,0.0064322469982847,0.0149123071814531,0,0,0.0,0.0,0.0016917681039818,0.0192782857208933,0,0.0021565741027896,0,0,0.0,0.0,0.0001081314878892,0.0050514361741185,0.0,0.0001590330788804,0,0.001811236451514,0.0096743630110552,0.0016310101590168,0.0082892004499174,0.0112101685938741,0,0.0022298434972551,0,0.0236375574523965,0,0,0.1070811401253439,0.0741402411790978,0.0778945889748122,0,0,0,0.0361542815205232,0,0,0,0,0,0,0,0,0.0011737089201877,0.0,0.0001287084110946,0,0,0.001746280673224,0.0,0.0,0.0,0.0,0.0031659345117546,0.0003226252477301,0.1514386119042389,0,0,0,0,0,0,0.0016787345310797,0,0,0,0,0,0,0.1614892252593356,8.189337482597657e-05,0,0,0,0,0,0.0,0,0,0,0.0003607902449057,0.0,0,7.456009543692215e-05,0.0001233548839431,0.0080209047893838,0.0038590321646353,0.0,0,0
TPPro,0.0,0.0049058954179321,0.0008407823701212,0,0,0,0,0,0,0.0,0.0,0,0.0,0.0,0.0,0,0,0,0.0,0,0,0,0,0,0.0143653516295025,0.0022036405349111,0,0,0.0,0.0,0.0,0.0,0,0.0,0,0,0.0,0.0,0.0,0.0,0.0,0.0,0,0.0,0.0,0.0,0.0005954552638007,0.0002648071321387,0,0.0,0,0.0,0,0,0.0,0.0,0.0011460497099061,0,0,0,0.0166982409836644,0,0,0,0,0,0,0,0,0.0,0.0,0.0,0,0,0.0,0.0,0.0,0.0002297266253158,0.0,0.0,0.0,0.0,0,0,0,0,0,0,9.348415443582313e-05,0,0,0,0,0,0,0.0118129103368955,0.0,0,0,0,0,0,4.5161678810140297e-05,0,0,0,0.0,0.0,0,0.0,0.0,0.0,0.0,0.0,0,0
Tpro,0.0,0.00035075898118,0.0,0,0,0,0,0,0,0.0,0.0,0,0.0,2.042284434396769e-05,0.0,0,0,0,0.0,0,0,0,0,0,0.0,0.0,0,0,0.0,0.0,0.0,0.0,0,0.0,0,0,0.0,0.0,0.0,0.0,0.0,0.0,0,0.0,0.0,0.0,0.0,0.0,0,0.0,0,0.0032829940906106,0,0,0.001868901479383,0.0073693613220187,0.0176857956070092,0,0,0,0.015294117334123,0,0,0,0,0,0,0,0,0.0,0.0,0.0,0,0,0.0,0.0,0.0,0.0,0.0,0.0,0.0,0.0006589062156819,0,0,0,0,0,0,0.0,0,0,0,0,0,0,9.58451142952988e-05,0.0,0,0,0,0,0,0.0142394830504608,0,0,0,0.0,0.0,0,0.0,0.0,0.0,0.0,0.0,0,0
TPt,0.0073274076905922,0.0002139653814769,0.0,0,0,0,0,0,0,0.0,0.0,0,0.0009200724186032,0.0157837557233902,0.0122350638105635,0,0,0,0.0035439870529601,0,0,0,0,0,0.0,3.0186856642617805e-05,0,0,0.0005913154998805,4.935346954890928e-05,8.252527336496802e-05,0.0015191111297952,0,0.0009903768680138,0,0,0.003056174720832,0.0004248088360237,0.0007295808494052,0.0021451131376311,0.0,0.0034353029099324,0,0.0018739442250235,0.0135334236240673,0.0006824372255887,1.943861286058627e-05,8.826904404625298e-05,0,0.00151601963219,0,0.0249507550886408,0,0,0.131637278458724,0.0013398838767306,0.0313970963817778,0,0,0,0.0137348070848666,0,0,0,0,0,0,0,0,0.0011737089201877,0.0,0.0077225046656799,0,0,0.0244591196858966,0.0025626423690205,0.0024078012761346,0.0004211654797457,0.0454748429788151,0.02766293187434,0.0001779969352515,0.0127388535031847,0,0,0,0,0,0,0.0153464125513888,0,0,0,0,0,0,0.0003833804571811,0.0,0,0,0,0,0,0.0385710760505807,0,0,0,0.0002953484270117,3.0795762503079576e-05,0,7.456009543692215e-05,9.35221703735284e-05,0.0042847174550937,0.0348411803565357,0.0,0,0
V1,0.0,0.0,0.0,0,0,0,0,0,0,0.006861063464837,0.0312868949232585,0,0.0002671177989493,4.139160089670412e-05,0.0,0,0,0,0.0,0,0,0,0,0,0.0,3.0186856642617805e-05,0,0,0.0,0.0,0.0,2.082205472035981e-05,0,0.0006548788474132,0,0,0.0,0.0,0.0,0.0,0.0,0.0,0,0.0,0.0004905567819475,0.000780748777861,0.002293641159826,0.0,0,0.0,0,0.0,0,0,3.9345294302801385e-05,0.0,0.0001261574950167,0,0,0,0.0,0,0,0,0,0,0,0,0,8.852691218130312e-05,0.0,0.0057918784992599,0,0,0.0007338295418807,0.0,0.000441430233958,0.0,0.0,0.001041014374079,3.099045493987852e-05,0.0,0,0,0,0,0,0,0.0,0,0,0,0,0,0,0.0,0.0002866268118909,0,0,0,0,0,0.0,0,0,0,0.0,0.605472890423252,0,0.0678663028667014,0.0017015441638922,0.0968017889644222,0.2484739605619506,0.3491372317831929,0,0
V2,0.0,6.383250351078769e-05,8.850340738118418e-05,0,0,0,0,0,0,0.316268637023354,0.0312868949232585,0,0.014289903970704,0.0066189700189539,0.0,0,0,0,0.000350324049746,0,0,0,0,0,0.0047169811320754,3.0186856642617805e-05,0,0,0.0,0.0,0.0007014648236022,0.0003247042049988,0,0.0061465716010919,0,0,0.0,0.0,0.0,0.0014827422887553,0.0,0.0002226463104325,0,0.0001031353135313,0.0013809967328249,0.0091432744655321,3.887722572117254e-05,0.0,0,0.0006138347545322,0,0.0,0,0,0.0002754170601196,0.0,0.0017648494668545,0,0,0,0.0,0,0,0,0,0,0,0,0,0.0251046529412547,0.0237547892720306,0.0364244803397902,0,0,0.0107116578377581,0.0,0.0045346924033869,0.0,0.0011273957158962,0.0122729644054395,0.0019071391992738,0.0002196354052273,0,0,0,0,0,0,0.0,0,0,0,0,0,0,0.0002829779201701,0.0285807878142658,0,0,0,0,0,0.0059511902380476,0,0,0,0.4976650667735712,0.0,0,0.2083010199207292,0.0524848021196551,0.0423899575803915,0.0736559396844879,0.1833824452158279,0,0
V3,0.0,0.0002239014833473,0.00075227896274,0,0,0,0,0,0,0.2203456920438052,0.0224321133412042,0,0.0162495659711891,0.0010590536317406,0.0,0,0,0,0.000175162024873,0,0,0,0,0,0.0,6.037371328523561e-05,0,0,0.0,0.0,0.0085413657932741,0.0001457543830425,0,0.0146049217194838,0,0,0.0,0.0,0.0,0.0027056759256973,0.0,0.000369092814086,0,0.0009282178217821,0.0001419647927314,0.0151174257938093,3.0648522741203875e-05,8.826904404625298e-05,0,0.00775187061102,0,0.0,0,0,0.0010229776518728,0.0,0.0004617774571197,0,0,0,0.0,0,0,0,0,0,0,0,0,0.0834098072856401,0.0160919540229885,0.0225239719415663,0,0,0.0673907358144396,0.0,0.0003611701914202,7.657554177195804e-05,0.0008319467554076,0.0149882850401664,0.0130693263090168,0.0017570832418185,0,0,0,0,0,0,0.0,0,0,0,0,0,0,0.0028115495108387,0.1891736958480059,0,0,0,0,0,0.0020606156517628,0,0,0,0.0896493073011059,0.1156102485902284,0,0.0854388232095139,0.197814709448568,0.0322593262534403,0.0174486843087806,0.0618024691127602,0,0
V3A,0.0,0.0,0.0,0,0,0,0,0,0,0.0233540044860799,0.0005903187721369,0,0.0071969218998175,0.0055283450282786,0.0,0,0,0,0.0,0,0,0,0,0,0.0,0.0,0,0,0.0,0.0,0.0004538890035073,0.0,0,0.0044392853636124,0,0,0.0,0.0,0.0,0.0036121862152453,0.0,0.0010112724425701,0,0.00254400440044,0.0,0.0151274305813184,3.0648522741203875e-05,0.0,0,0.0155757360469185,0,0.0,0,0,5.9017941454202073e-05,0.0,0.0001432562137382,0,0,0,0.0,0,0,0,0,0,0,0,0,0.0410764872521246,0.2252873563218391,0.0033464186884612,0,0,0.1034217610196249,0.0,0.0764878205385448,0.0,0.0010787125160576,0.0123299118023597,0.0097381559228985,0.0,0,0,0,0,0,0,5.529444290848771e-05,0,0,0,0,0,0,0.0002601908065915,0.0,0,0,0,0,0,0.0001000200040008,0,0,0,0.0047617164410296,0.0095645144903849,0,0.0,0.008363178321764,0.0096878225824767,0.0075986896179226,0.0353034595316382,0,0
V4,0.0,0.0002983306766279,0.0004867687405965,0,0,0,0,0,0,0.0748119804723578,0.0023612750885478,0,0.0092021080273905,0.0014091725102651,0.0,0,0,0,0.0,0,0,0,0,0,0.0,0.0,0,0,0.0,0.0,0.0154734887559315,0.0002082205472035,0,0.0174034450563447,0,0,0.0,0.0004248088360237,0.0,0.0007499475408245,0.0,0.0008204327479136,0,0.0018105977264393,0.0,0.0087472385963924,0.000160108387822,0.0005296142642775,0,0.0181482611205916,0,0.0,0,0,0.001081995593327,0.0,0.0010095708130694,0,0,0,0.0,0,0,0,0,0,0,0,0,0.0421188604716115,0.0091954022988505,0.073170731707317,0,0,0.060289893680812,0.0,0.0018861109996388,0.0025652806493605,0.0045740322740137,0.0410732395576766,0.0018983821139976,0.0062596090489786,0,0,0,0,0,0,2.7647221454243847e-05,0,0,0,0,0,0,0.0204661946260151,0.1836458930472524,0,0,0,0,0,0.0005253594826871,0,0,0,0.032233408221851,0.041558166389794,0,0.0197607672813261,0.0,0.0198437700580618,0.014426727410782,0.0251476584148095,0,0
V4T,0.0,5.59753708368318e-05,0.0,0,0,0,0,0,0,0.0700620134582398,0.0,0,0.0062536883469086,0.0002944606454274,0.0,0,0,0,0.0,0,0,0,0,0,0.0,0.0,0,0,0.0,0.0,0.0323086445223849,0.0,0,0.0035301925540142,0,0,0.0,0.0004248088360237,0.0001081314878892,0.0005587195497427,0.0,0.0022759186346412,0,0.002286485479149,0.0,0.0228341949422706,7.0915950415567456e-06,0.0,0,0.0180528377757828,0,0.0,0,0,0.0014951211835064,0.0,0.0013370579948905,0,0,0,0.0,0,0,0,0,0,0,0,0,0.0101149270504994,0.0168582375478927,0.129866786794517,0,0,0.073194931783433,0.0,0.0084273044664713,0.0114480434949077,0.0153883574976192,0.0396577726090502,0.0001160160253717,0.0005490885130683,0,0,0,0,0,0,5.529444290848771e-05,0,0,0,0,0,0,0.0027365608919264,0.0039718286790598,0,0,0,0,0,0.0004301878018766,0,0,0,0.0213234126981004,0.018145345708174,0,0.0078621833860967,0.0971299161870387,0.0,0.0516786308721574,0.018144150462635,0,0
V5,0.0,0.0,0.0,0,0,0,0,0,0,0.0236178915424198,0.0,0,0.0043042564593071,0.0001721826994575,0.0,0,0,0,0.0,0,0,0,0,0,0.0,0.0,0,0,3.3402364887434026e-05,0.0,0.0096554569837012,0.0,0,0.0017026850032743,0,0,0.0002960690772267,0.0004248088360237,0.0,0.0001675322499581,0.0,0.0004475290235368,0,0.0005042170883755,0.0,0.0305682826170891,0.0,0.0,0,0.0007165210274312,0,0.0,0,0,0.0048197985520931,0.0,0.0430737237273537,0,0,0,0.0,0,0,0,0,0,0,0,0,0.008764164305949,0.0199233716475095,0.0153163009202651,0,0,0.0392089195033604,0.0,0.0437417231831132,0.0002680143962018,0.0009202464674085,0.0184847958135746,2.3044660552150065e-05,0.0004392708104546,0,0,0,0,0,0,0.0,0,0,0,0,0,0,0.000414247488461,0.0011465072475636,0,0,0,0,0,0.0026612445991335,0,0,0,0.0710425074701049,0.0240885098225043,0,0.0559519912936097,0.0229976188541428,0.2499323749502326,0.0,0.0765183995561256,0,0
V6,0.0,0.0,0.0,0,0,0,0,0,0,0.1023881778598759,0.0301062573789846,0,0.0280077382372239,0.0057653512783507,0.0,0,0,0,0.0,0,0,0,0,0,0.0,0.0,0,0,0.0,0.0,0.0009490406436971,0.0,0,0.0115439149983565,0,0,5.842827928717499e-05,0.0004248088360237,0.0,0.0008843216580448,0.0,0.0002544529262086,0,0.002384210415577,0.0,0.0320628711408547,0.0,0.0,0,0.0097506214685062,0,0.0,0,0,0.0,0.0,0.0,0,0,0,0.0,0,0,0,0,0,0,0,0,0.0097379603399433,0.1578544061302682,0.0140935710148658,0,0,0.0099550887414425,0.0,0.1867249889642441,0.0001148633126579,3.9616512162269234e-05,0.0110840369886424,0.0166180369195515,0.0,0,0,0,0,0,0,0.0,0,0,0,0,0,0,0.0,0.0,0,0,0,0,0,0.0001000200040008,0,0,0,0.1523451278706474,0.0785643945489442,0,0.1822704007363864,0.0887483327635991,0.0152095920689309,0.0517959044689195,0.0,0,0
V6A,9.557488292076844e-05,0.0,0.0,0,0,0,0,0,0,0.0,0.0011806375442739,0,0.0138177287922215,0.042882117395171,0.0,0,0,0,0.0,0,0,0,0,0,0.0,0.0,0,0,0.0,0.0,4.126263668248401e-05,0.0,0,0.0001490230533664,0,0,0.0017061065754214,0.0029736618521665,0.0016491884734129,0.0098325555016963,0.0001957713390759,0.0041666666666666,0,0.0044475554112788,0.0006253620093698,0.0075100151511911,0.0,0.0,0,0.0048922121791986,0,0.0,0,0,3.9345294302801385e-05,0.0,0.0,0,0,0,0.0,0,0,0,0,0,0,0,0,0.0003541076487252,0.0988505747126436,0.021108179419525,0,0,0.0003604690458038,0.0,0.1227978650828685,0.0004211654797457,0.0119474378657213,0.0065656075218792,0.0017974463865129,0.0,0,0,0,0,0,0,2.7647221454243847e-05,0,0,0,0,0,0,0.0,0.0,0,0,0,0,0,5.001000200040008e-05,0,0,0,0.0009891814309848,0.0015791263438799,0,0.009543692215926,0.0010561170209475,7.381163271331562e-05,0.0018041237113402,0.0370152023159376,0,0
VIP,0.0,0.0,0.0,0,0,0,0,0,0,0.0073888375775168,0.0,0,0.0029382957884427,0.0072625203965062,0.0,0,0,0,0.0,0,0,0,0,0,0.0,0.0,0,0,3.3402364887434026e-05,0.0,0.0008252527336496,0.0,0,1.760253476500616e-05,0,0,0.0002766251728907,0.0,0.0003712893826261,0.0188537688374843,0.0001027538018906,0.0003816793893129,0,0.0112875870920425,0.0,0.0035433117029983,0.0,0.0,0,0.0126470001291045,0,0.0,0,0,3.9345294302801385e-05,0.0,0.0,0,0,0,0.0,0,0,0,0,0,0,0,0,0.0249076493902033,0.0091954022988505,0.0,0,0,0.0067368960106754,0.0,0.0208676110598338,0.0051305612987211,0.0089929482608351,0.0174737115199332,0.0044316350564026,0.0,0,0,0,0,0,0,0.0,0,0,0,0,0,0,4.336513443191674e-05,0.0,0,0,0,0,0,0.0,0,0,0,0.0004233571704418,0.0001294272108535,0,0.0153792462004635,0.0007639185799956,0.0002297582942744,0.0003276933674627,0.0044589003163895,0,0
