regionA,regionB,mean_resultant_R,n_species,mouse_x,mouse_y,mouse_z,marmoset_x,marmoset_y,marmoset_z,rhesus_x,rhesus_y,rhesus_z,human_x,human_y,human_z
CIN_Posterior,PAR,0.3598821425747323,4,0.0238270537607746,0.8964467799379481,-0.44251038659896486,-0.09794220765382919,0.5345776499397019,0.8394248388896053,0.1069454351205805,-0.875551890524572,0.47113857930094993,-0.030810594648493176,-0.8389866562442704,0.5432790239844207
TEM_Superior,THL_Thalamus,0.3953411206720935,4,-0.04947092128412242,0.8577893788695506,-0.511615098922902,0.011866084866348018,-0.9973047920613606,0.07240405901184598,-0.023836453967285336,-0.5552400182955327,0.831348510280401,0.007530784743389454,-0.056425558101720764,0.9983784070551898
CIN_Anterior,FRO_Precentral,0.48358778334453506,4,0.0074167879205129265,0.9043317048134464,-0.4267659299032056,-0.05984853771346398,-0.9219158073784735,0.3827393324957047,-0.00016460057954190062,-0.9771130482232407,0.21272062405544018,0.005422686837992919,-0.7540130637197573,0.6568370377859356
BG_CaudoPutamen,INS_Posterior,0.5119792315744068,4,0.19204566328240974,-0.7864732634250833,-0.5870078952892531,0.4918461461110503,0.841870257015384,0.22213022961442785,0.07230003641940735,-0.9434071548413399,0.32365976723701795,0.036554817567090184,-0.9987781611972179,-0.03325552627972055
INS_Posterior,TEM_Superior,0.5769063736368844,4,-0.02126560774166038,-0.8912109099263015,0.45309037504201244,-0.014075750035424134,-0.9977764643008231,0.06514599410776109,-0.05471653274554511,0.11317944173038594,-0.9920667895932732,-0.12646542293815244,0.006699246140837578,-0.9919483942737236
BG_Pallidum,INS_Posterior,0.6227525403109357,4,0.21327815098578395,0.8271642962807465,0.5199150481285021,0.017904984939147953,0.6228122515491769,0.7821664214440388,0.0634898827971788,-0.6208671333730226,0.7813405387406736,0.19601980342189854,-0.9131754229291418,0.35733301502187453
OCC_Lateral,OCC_Medial,0.6359895778450622,4,-0.022811157871326853,0.24037290433909575,0.970412550380588,-0.016998036083435974,0.6997925882277164,0.7141438232113052,0.17908602456159337,0.793161056429923,-0.5820856761420032,-0.42284630174203514,0.7305420630655026,-0.5361989362121888
TEM_Hippocampus,TEM_Inferior,0.6733947262277994,4,0.06312416726914499,0.2616443416048493,-0.9630979067637631,0.4035069362861349,-0.9134840636188941,0.05224000271142252,-0.6235339158050496,0.14813134258218033,-0.7676343929147665,-0.32466191837585845,-0.6006472748880838,-0.7306281475046154
BG_Accumbens,INS_Anterior,0.7015965459891891,4,0.02208204236446408,0.4043501183987994,0.9143376647365518,0.26175806771002,-0.9649962357537161,-0.016278174648130674,-0.05721558675697534,-0.9768516216400404,0.2061244428283032,-0.17302991807175214,-0.4506382407841535,0.8757772681424462
CIN_Anterior,FRO_Premotor,0.7307324496350083,4,0.008450442000078003,0.9889025321979826,0.1483252232171629,-0.02237349652847671,-0.2972613168721511,0.9545339889938571,0.022719581789471074,-0.30799943149373155,0.9511152247771295,0.018254233536434832,-0.49873317728789146,0.8665633276514313
BG_Accumbens,OLF_Anterior,0.7482916363420556,4,0.006152216206414519,0.8599609190600329,0.5103228075690651,0.9660255307877458,0.2071660833031202,-0.15452148004435778,0.41976427266223876,0.6139263410462658,-0.6685001145593663,-0.0009233086597814923,0.8141476688121003,-0.5806571457141825
FRO_Prefrontal,OLF_Anterior,0.7512597784359873,4,0.013026268207234045,0.8406192423463104,-0.5414698567175354,0.44581294269859145,-0.6526132672294955,-0.6126554852104611,0.13682635729882325,-0.6591006448804593,-0.7395031358057229,-0.004201092312296839,-0.3596024266820081,-0.9330961609329419
INS_Anterior,OLF_Piriform,0.7673388049414877,4,0.021592317176956793,-0.7721913672221166,-0.6350230422800167,0.08395266377857458,0.8127954431853774,-0.5764681411678946,0.18659713548103624,0.59354575915895,-0.7828696831623368,0.35821904717916175,0.0184315380002871,-0.9334556190012451
TEM_Hippocampus,THL_Thalamus,0.7696866313942917,4,-0.001973369561475177,0.9639358804747344,-0.2661272705792705,-0.03125916088182485,0.23273599937032832,0.9720374578472059,-0.02660716894110025,0.1267040542192196,0.9915836531555736,-0.022144141405350207,0.19224633159113497,0.981096827530887
PAR,TEM_Superior,0.7777464350109192,4,0.01712340815380666,-0.9475377719482017,-0.31918483614456994,0.029818438981729273,0.0661443911991335,-0.997364416955803,-0.007193653511771999,0.392455059763748,-0.9197430496693004,-0.002231393472782457,0.4850837978759066,-0.8744648248623018
TEM_Inferior,TEM_Medial,0.7879203383892251,4,-0.028864654543347953,-0.9953909378343079,-0.09145333561675231,-0.10731710904073832,-0.48323501120559487,-0.8688883484385476,0.15093268145966904,-0.9874092167955163,0.04735360867620714,0.7013590806558313,-0.5655807843279194,0.43383616306230455
CIN_Anterior,INS_Anterior,0.7935847971000646,4,0.021947445127761703,0.5595220795025453,-0.8285248048196935,0.038289896280982054,-0.6718779299650879,-0.7396715021336296,-0.005492374916489321,-0.42061598139692175,-0.9072221503089974,-0.046481426177207644,-0.9406724199130247,-0.3361173536661066
INS_Posterior,TEM_Hippocampus,0.7943154936855527,4,-0.04311542272270984,-0.9416765031819256,0.33374604668595376,0.012236263441929268,-0.8302312147436387,-0.5572848498948108,-0.011622955585934016,-0.3194444558370491,-0.9475337178899857,-0.05877547605795474,-0.25947100807837625,-0.963960704272198
BG_CaudoPutamen,INS_Anterior,0.7980704358931392,4,0.015146859687092066,0.9995849502442885,0.024505099198797408,0.13847734438674597,0.317859256073281,-0.9379709581965398,0.01501095855758271,0.014215662506007991,-0.9997862701911333,-0.5137466978355452,0.32301692028318973,-0.7948109207061995
TEM_Amygdala,THL_Hypothalamus,0.8009663602523015,4,-0.0009034933980044731,-0.9854029424996481,0.17023579122121987,-0.08439233434852425,0.2629216177541034,0.9611192209194299,0.020163534227558535,-0.19805811211710087,0.9799828652135015,-0.19222802633036398,0.10346959023615793,0.9758803357940431
OLF_Anterior,OLF_Piriform,0.8132468296285058,4,0.015885587351622963,-0.9084044090537827,-0.4177907104354303,-0.9523715388519425,-0.21112876233751401,-0.22002976548324685,-0.25629668032262093,-0.8299733181053668,-0.4954354679358069,0.2984965828078479,-0.9539533752697368,-0.029542306333701664
INS_Anterior,INS_Posterior,0.8244182673574247,4,0.03971540871121068,-0.9835628121872478,-0.17614448839862706,-0.05010355372017337,-0.16714140218679185,0.984659019955458,0.05298153241953107,-0.7698587276878593,0.6360113966159007,0.12007064465835138,-0.9875302337154845,0.10181884790729355
CIN_Anterior,OLF_Anterior,0.8342825908359969,4,0.01020785663300851,0.8807866055873856,-0.4734033745980387,0.49444787862980877,-0.31596821722318946,-0.8097440219126546,0.10227341427296371,-0.02769015281781264,-0.9943708584677434,0.016643413159517992,-0.18745294793396788,-0.9821325720641112
PAR,TEM_Hippocampus,0.8386580017893621,4,-0.00864290170584557,-0.9156701205338786,-0.4018376918751838,0.031565167689088666,-0.13624035838273713,-0.9901728156925451,0.0014972989111650568,0.1007235950567864,-0.9949133205937124,0.007056212066989953,0.3908459259710338,-0.9204290695230736
BG_Accumbens,OLF_Piriform,0.8402010022731029,4,0.06136613434248999,-0.9760148963772838,-0.20887584734836964,0.4404789066832291,0.07921674868119717,-0.8942611696230175,0.2250991339141808,0.01912138592979653,-0.9741482189642445,0.44450711895112094,-0.3061445648804115,-0.841836638900896
INS_Posterior,THL_Thalamus,0.8409352349823614,4,-0.08570706970391331,-0.9143078758981149,0.3958477059090349,-0.010398029134705713,-0.9977536531971611,0.06617800633014684,-0.1632645130502539,-0.9481746563564374,-0.272597725268967,-0.49540929600093514,-0.25506072016351783,0.8303695914865412
INS_Posterior,TEM_Inferior,0.8639957257988555,4,-0.028955432719620092,-0.9971826424985065,0.06919797985284819,0.034396942253546246,-0.8467043053531135,-0.5309507224405178,-0.0479965827519054,-0.29741655734904304,-0.9535406228676274,-0.18602203675513126,-0.42852692936897085,-0.8841721962644344
TEM_Inferior,THL_Hypothalamus,0.8767991445665784,4,-0.027611742332815752,0.7321355679100338,-0.6805990757313725,-0.07848489203038289,0.9894375800325127,0.12187451309598721,0.027231543466867635,0.8716403188531967,0.4893890043614688,0.17196735520119444,0.8962737581427938,0.40880383952416494
TEM_Hippocampus,THL_Hypothalamus,0.8804020621330891,4,-0.005107894945452644,0.6332950975671211,-0.7738935513406717,-0.05306246651226008,0.989487084680468,0.1345350656824589,-0.025616271572993742,0.9010039048515387,0.4330540036450168,0.02487882848732856,0.9954670032498999,0.09179591131287791
FRO_Precentral,TEM_Superior,0.8810081956290695,4,0.021302160824979842,-0.9718007076485436,-0.23483952511870032,0.029985903885622736,-0.904430606816198,-0.42556565066067775,0.009078761552773493,-0.3906174938810266,-0.9205083104256985,-0.00552269574359211,-0.1430826084614333,-0.9896953404899893
INS_Anterior,OLF_Anterior,0.8868154623229995,4,-0.0069525172246907,0.995349777562001,0.09607540169843513,0.7882621184592014,0.5999209203241787,-0.1368857989698079,0.26206433484600905,0.8394414036375429,-0.4760886621846297,0.06202084300742428,0.7067458120994572,-0.7047437634435135
PAR,THL_Thalamus,0.8873046348693593,4,-0.01424157320485643,-0.6043408107054262,-0.7965986204535875,0.031591149835181985,-0.0583054606979528,-0.9977988136417534,-0.022086355505139828,0.30890655792721383,-0.9508359119059722,-0.00036859098377678613,0.6066642481421181,-0.7949580832766249
INS_Posterior,THL_Hypothalamus,0.8901611345878863,4,-0.08457238866937733,-0.42046839224564797,-0.9033569849163262,-0.061296179470026926,-0.16157785038881994,-0.9849545048610653,-0.04197664397386055,0.46017327309055867,-0.8868362419825963,-0.027454399294081645,0.6771443258421066,-0.7353378937190984
BG_Pallidum,TEM_Superior,0.8923533073230155,4,0.01846837538486122,-0.8053272308023511,0.5925428005122165,-0.006965122301157523,-0.8559648594468002,0.5169870853933872,0.042645411059119766,-0.9952010597186474,0.08806940246464832,0.07337579945670046,-0.8469580890507717,-0.526571920487178
OCC_Medial,PAR,0.892540653157533,4,0.023937237428559847,0.9482977650484399,-0.3164780521117109,-0.011009417796321157,0.9722842842610772,0.23354242291008048,-0.00010688146795157598,0.8929452014430698,0.45016536494509135,-0.024717171925155507,0.54761526828134,0.8363650993179822
BG_CaudoPutamen,OLF_Anterior,0.8931832865859772,4,0.0037871216446978646,0.9981093675012147,0.061346134482731636,0.6291749861312959,0.5750220482636786,-0.522961261316101,0.2003085462622185,0.6281141556625585,-0.7518969967692568,-0.009342196135569152,0.6774456433548632,-0.7355135101892284
OCC_Lateral,TEM_Medial,0.8948539866217845,4,0.02058125190562167,-0.18907425376320366,-0.9817470848614143,0.01165113016311738,0.7568452616848419,-0.6534902455516267,0.026558518245090965,0.7325932478582007,-0.680148350215744,-0.13427371244154723,0.8042255696012107,-0.5789575142847468
PAR,TEM_Medial,0.8956723857684252,4,-0.002774752706842373,-0.8760138486735518,-0.48227796723421584,0.024019146315244697,-0.2247173617042137,-0.9741279114977582,0.01024996556882443,-0.09031641524782794,-0.9958603734171874,-0.010509940272484433,0.17763009684671224,-0.9840412033292593
BG_Pallidum,TEM_Hippocampus,0.8975807800610326,4,-0.006192506847340923,-0.882051662044006,0.47111200191074776,0.023040712148726175,-0.8869307354015031,-0.46132742838880525,0.03173955757706478,-0.8246796923188048,-0.5647087794268596,0.07724226378451936,-0.8096208200330227,-0.5818485717560014
INS_Posterior,OLF_Anterior,0.9007301937328893,4,-0.024994365194137214,0.9898016570343625,0.14024250939202568,0.622244846869298,0.5348477266768625,-0.5716198560347565,0.07738889790264414,0.8112062426957818,-0.5796165890421068,-0.02263227139559634,0.8892766962797324,-0.4568093012902437
OCC_Medial,TEM_Medial,0.902872178238727,4,0.021067451946318688,-0.20019264631522485,-0.9795300234448134,0.014912038798386717,0.6137950986494931,-0.7893245263975613,0.011270586858767945,0.7250740955519533,-0.6885786301007137,-0.040289639805881565,0.8124589001098237,-0.5816246904634016
BG_CaudoPutamen,CIN_Anterior,0.9098668046171872,4,-0.011353368119584562,0.2622943591551612,0.9649211212258362,0.014600829155475791,0.8950395541124495,0.4457477003442198,0.01180073577621086,0.5418817323732191,0.8403719002651976,-0.02858839383083842,0.9758207051741499,0.21669484325105112
TEM_Inferior,THL_Thalamus,0.9102533023433117,4,-0.04470693884776022,0.9396143722587442,0.3393024035630587,-0.06801451013525626,0.31265131194227563,0.9474297776362293,0.015524519760876881,0.11084981272451858,0.9937159092543167,0.13211274546520127,0.3838959059294487,0.9138764445461185
PAR,TEM_Inferior,0.9115216015773301,4,0.009717506744662834,-0.7690079651123997,-0.6391653304555511,0.04835229249853778,-0.17395521592401592,-0.9835657774968408,-0.019265296375133134,0.10302135835914596,-0.9944925580804588,-0.06496306457423129,0.21408819394728903,-0.9746517559895495
FRO_Precentral,OLF_Anterior,0.9161812627338595,4,0.010570158446736292,0.8775349843856431,-0.4793961023305257,0.47419478995086106,0.04352747899274236,-0.8793433116570543,0.0879969783721565,0.34365885963188175,-0.9349626302659829,0.0026716717562383766,0.4802737693594582,-0.8771145698455162
OLF_Anterior,THL_Hypothalamus,0.9164774811006948,4,-0.005158064544399671,-0.9236007263609102,-0.38332113512791716,-0.7133588490255041,-0.6927621892309092,-0.10582864304622784,-0.17225031919429123,-0.9694890485803251,0.1744156306650322,0.01760000837973138,-0.9734957848542374,0.22802674530867142
INS_Posterior,TEM_Medial,0.9190665471461299,4,-0.029009068170454178,-0.9995055618857848,0.012128714823236825,0.006118208744481477,-0.7909060654247149,-0.6119069890074433,0.0037916405459976128,-0.563694918207662,-0.8259743716658691,-0.07018221598463789,-0.5411186643247315,-0.8380125581868711
BG_CaudoPutamen,FRO_Precentral,0.9212985751904266,4,-0.00996038410638316,0.4569118799270686,0.8894561960714903,-0.015980771457411818,0.6107905125744062,0.7916309523336743,0.01195525025316402,-0.0791833803892983,0.9967883748627427,-0.011141554257596631,-0.32241630377748287,0.9465324045309758
BG_Accumbens,CIN_Anterior,0.9216010187219159,4,-0.0059011692638639745,-0.21876671341089204,0.9757593459991639,0.031031556163111602,0.5070243614494578,0.8613729386385811,-0.008265663912671167,0.19423176874756704,0.9809208422748874,-0.018430378443101515,0.7562889639384955,0.6539780762191353
FRO_Precentral,TEM_Hippocampus,0.9217676961247475,4,0.005307818235651364,-0.9561788519231843,-0.29273508535950765,0.03289311025942505,-0.7467952926211421,-0.664240042617399,0.012977516185877537,-0.4605659219609927,-0.8875306279796017,0.004147488955720844,-0.2080032126849079,-0.9781193494907046
TEM_Medial,THL_Thalamus,0.923396278821028,4,-0.005644379907303892,0.9778195533974495,0.20937302111082606,-0.016839409185602585,0.3650549898483613,0.9308336525314782,-0.03883434906218734,0.4484855407579879,0.8929460303198236,0.0206544392918443,0.4895652445744022,0.8717220115623704
FRO_Premotor,OLF_Anterior,0.9236776324813536,4,0.00983101603148484,0.7488828854849284,-0.6626294401485313,0.36953967716572433,-0.12922808160309085,-0.9201850520006489,0.06777480289027478,0.06829135083739424,-0.9953606720651507,-0.006193223419357676,0.27007255654270884,-0.9628200549355852
FRO_Premotor,TEM_Superior,0.9275521669771003,4,0.016548504205388656,-0.9628433811234536,-0.26955290841562096,0.014152885274525908,-0.84833755897501,-0.5292665508708515,-0.0005380861682725131,-0.5074191597518766,-0.8616991973884941,-0.014259714721804777,-0.32068681435355095,-0.9470779416900299
OCC_Medial,TEM_Superior,0.9276959884100473,4,0.060835291672605776,0.38781767660296745,-0.9197263272307612,0.005372050764390308,0.9517901496559855,-0.3067028726445541,-0.005112689459535049,0.9536402683864555,-0.300905465085464,-0.02290842747541207,0.9714026328587488,-0.23633054992043379
BG_Pallidum,TEM_Inferior,0.9326206046887552,4,0.016728470213913407,-0.978493291697184,0.20559921300411627,0.05157030125654375,-0.9014556401570499,-0.42978859088783705,-0.013600562261746258,-0.7949517865734731,-0.6065201412400149,-0.09230300052909321,-0.7436259822401253,-0.6621937440286906
CIN_Anterior,INS_Posterior,0.9332308034967497,4,0.05662531255149377,-0.40358980727138655,-0.9131860935456095,0.024114474956678233,-0.8884313898295257,-0.45837556398998947,0.0283860377876117,-0.8880783266341417,-0.45881490671230696,0.03229166629561381,-0.9902989590651027,-0.1351488807294637
BG_Pallidum,OLF_Anterior,0.9332455313753677,4,-0.0007545101547693312,0.9835254387496226,0.1807681997664107,0.605741779661795,0.7565887007549021,-0.2462730887900063,0.18185511988242203,0.9052439974189547,-0.38400783912506453,0.04447890376892976,0.8704533402097467,-0.4902372993124953
CIN_Posterior,FRO_Precentral,0.9333058777088241,4,0.0034394116943686263,0.9743148678406073,-0.22516373764870887,-0.023812330215409527,0.9839074912072614,-0.17708478668690092,-0.007025062512224357,0.9959465592915696,-0.08967217813783412,-0.01975299259165546,0.7761954249331527,0.6301828953538143
FRO_Precentral,THL_Thalamus,0.934055810470449,4,0.006242004033110581,-0.8627935284133835,-0.5055179173022799,0.028682718848044336,-0.9222363648749269,-0.3855611351546794,0.00026819344172689303,-0.6982150317111905,-0.7158880482064349,-0.004721011076295999,-0.21572276426227027,-0.9764432400469892
OLF_Piriform,THL_Hypothalamus,0.9369044101267036,4,-0.08609666640691122,-0.9659720377404176,-0.2438962614253079,-0.18793443285514236,-0.9803386912036215,0.060139001293558314,-0.12344328215055894,-0.9115706621947137,0.39217430297992323,-0.4169707562026369,-0.7195506767310403,0.5553217194453166
OCC_Medial,THL_Thalamus,0.9370108361521501,4,0.016054125562383878,0.6124353971290589,-0.7903576085518498,0.00656883419434463,0.9465575710132209,-0.3224680064361091,-0.01270385893355703,0.9911801994362348,-0.13191066755096836,-0.021775986106188236,0.9989614101206346,0.04002383688374473
OCC_Medial,TEM_Hippocampus,0.9390591260488788,4,0.024458894363010894,0.25423308168001874,-0.9668336478764173,0.018111984213532897,0.7442970714168844,-0.6676030448613145,0.0013350202563052473,0.8127889384488006,-0.5825567433788637,-0.013543520347079539,0.9404881314628731,-0.33955654556212245
CIN_Anterior,FRO_Prefrontal,0.9392600804098704,4,0.00796352697818469,0.9083129227813931,-0.41821551447356764,0.043865033911291755,0.9254396618305589,-0.3763473011872173,-0.007065404819994149,0.7593223394413164,-0.6506763134463218,0.09701363077862091,0.9644891540351224,0.24566038995280345
BG_CaudoPutamen,TEM_Hippocampus,0.9408597396066156,4,0.0007468966231738098,-0.98457136244146,0.17498192593979953,0.043041598016740304,-0.8196523057916022,-0.5712420839282372,0.029529520456899223,-0.7822327468037198,-0.6222860574120983,-0.007344486389679901,-0.8310990804465395,-0.5560758734206946
BG_CaudoPutamen,TEM_Superior,0.9421437043953417,4,0.021062545221744836,-0.9592071145076354,0.2819185709858751,0.03774786311946137,-0.9947761601992686,0.09484455666570148,0.036673016375541725,-0.9214858844521847,-0.3866766797019108,-0.030807255993726797,-0.8555568364212546,-0.516791459518239
TEM_Medial,THL_Hypothalamus,0.9431450532848408,4,-0.007928774945442483,0.8989583333250112,-0.43796238362830053,-0.03639698266669391,0.9433596512998077,0.3297693556901029,-0.0327755249867663,0.9453184701134644,0.3244976964851695,0.04861080130794265,0.9467798545805274,0.3181900327739309
FRO_Premotor,TEM_Hippocampus,0.9463072115773253,4,0.0032576830621845678,-0.9486717787626574,-0.31624554333675897,0.02092095549338465,-0.7235598151585836,-0.6899445684320735,0.004952941738434141,-0.5298760995434465,-0.8480606036721428,-0.005701700676448781,-0.35818933526302527,-0.9336315604740599
INS_Anterior,TEM_Superior,0.9467494212781321,4,0.007541705464457131,-0.9856393054909875,0.16869582730444457,-0.033269479002143026,-0.8744199757421929,0.4840277345255628,0.03134135711573067,-0.9932326458008556,0.11183304811001246,0.04877949355368388,-0.9156328793074794,-0.3990450993806855
OLF_Anterior,TEM_Amygdala,0.9470136539660988,4,-0.005436131188084444,-0.9059104337532021,-0.4234344512374861,-0.5419880167038369,-0.6751264238672092,-0.5004530962495033,-0.19084903222604277,-0.876117747225451,-0.4427124799404053,0.06964264313295507,-0.9968590797477208,-0.03770778940727181
INS_Posterior,TEM_Amygdala,0.9477066973573969,4,-0.08735904122916943,-0.17387889803874443,-0.9808845634081271,7.744070601375076e-05,-0.2050734454791765,-0.9787465841382214,-0.03360134740364448,0.3591137280661279,-0.9326887368072517,0.0367192303553344,0.4960105584802188,-0.8675397535549902
TEM_Amygdala,TEM_Inferior,0.948688048633607,4,0.023897949448384227,-0.7857623395994117,0.6180666903170089,0.04744066865129387,-0.9541984199350492,0.2953891642416383,-0.014059951650341133,-0.9896974067647062,0.14248284388938054,-0.2443346426504136,-0.9550163734495611,-0.16806043211935087
BG_Pallidum,FRO_Precentral,0.9496406721852771,4,-0.012526524900559062,0.6022974350229529,0.7981734685760281,-0.039949514759907774,0.5847365392189211,0.8102389869493611,0.002199656547861902,0.13633496254670996,0.9906603552673634,0.029137659419812032,-0.09435784007183919,0.9951118504070344
OCC_Medial,THL_Hypothalamus,0.950142940303764,4,0.006994149557610143,0.4909916532926923,-0.8711361996088064,-0.005587678150452344,0.8972537495977179,-0.4414798825379507,-0.0068088711901807064,0.9399829579631085,-0.3411534522938917,-0.0033168419213554707,0.9735734038924391,-0.22835022617233902
FRO_Precentral,TEM_Inferior,0.9502320431273921,4,0.016722103404286558,-0.8866795808916881,-0.46208191058239545,0.04705079269495847,-0.7620959848046429,-0.6457522224904978,-0.007556601169958131,-0.44653505762720686,-0.8947342287453998,-0.06264303263809046,-0.2934548055577967,-0.9539183023492833
FRO_Precentral,INS_Anterior,0.9525273780083341,4,0.02427890456336537,0.4650465681926589,-0.8849532327786782,0.0658185311427627,-0.32150610326362594,-0.9446172486898848,-0.005331736794622452,0.06324899169035882,-0.997983535752422,-0.03278461871977983,0.3261920742178334,-0.944734830252842
BG_Pallidum,PAR,0.9529015101519039,4,0.003088594041537093,0.0730359221929956,0.9973245282535999,-0.023566051222895103,-0.4133768519555854,0.9102550299213128,0.015139703540066309,-0.5523981848366218,0.8334428803258951,0.020207907325958886,-0.6841324724193089,0.729077774083773
FRO_Precentral,TEM_Medial,0.9545066530373317,4,0.00605466777276681,-0.9250111479600793,-0.3798917176614115,0.02535112556514084,-0.7292316072186309,-0.6837971800657803,0.019463132116504623,-0.582399894534851,-0.8126693973160365,-0.011921130700491127,-0.34092412007157796,-0.9400152291299553
BG_Pallidum,CIN_Anterior,0.9552512345186115,4,-0.01382732506568921,0.4847993752591723,0.8745160780853855,-0.012818691258736588,0.8303565851662623,0.5570849330447171,0.0021076511970755537,0.5768551546230117,0.8168437356014263,0.0284523801521205,0.9527031473975269,0.30256763707066453
OCC_Lateral,PAR,0.9552890505953462,4,0.019090374050389918,0.9933172205896111,-0.11382643321630502,-0.01240623558499022,0.9438488194275194,0.33014465221155326,0.01828454508395085,0.9296938829402656,0.3678790010785132,-0.1515305098276457,0.7489598378084521,0.6450563277275178
TEM_Hippocampus,TEM_Medial,0.9558692705827767,4,0.007957631154082285,-0.7856758065117337,-0.6185872639883175,-0.015365763710033823,-0.6258426456234641,-0.7797979714160781,0.046096036435176145,-0.9951877308311201,-0.08646696379642839,-0.07498633599648494,-0.8102521411656519,-0.581264584462445
PAR,THL_Hypothalamus,0.9561931348658476,4,-0.011059315421100438,-0.12542894328456416,-0.9920409627273131,0.0024460586699556483,0.4056158589336583,-0.9140403666023146,-0.009250595122596544,0.4881705894445962,-0.8726992048187012,0.013067010474832766,0.6184517908309565,-0.7857140928195405
TEM_Inferior,TEM_Superior,0.9574493233084133,4,0.011328413048892417,-0.015380681958876216,0.9998175341932516,-0.06662586326847869,0.44475961848638856,0.8931684477787893,0.0388517678393455,0.5470582790531684,0.8361924296805989,0.20370357699975558,0.6477861001484128,0.7340831159834799
FRO_Prefrontal,INS_Anterior,0.9578410758147272,4,0.028582353298574507,-0.4782123792595274,-0.8777789980415671,0.01654301532445519,-0.8758586752626552,-0.48228405490034765,-0.0003326727747184684,-0.9132210945650482,-0.4074642582733365,-0.056291135056572586,-0.9461061845408805,-0.31892694412285094
TEM_Superior,THL_Hypothalamus,0.9578915769675519,4,-0.024212617740085398,0.5471314540542541,-0.8366964330787182,-0.02804280761713545,0.7215144887273103,-0.6918312247199575,-0.016614227113350317,0.8235170521695435,-0.567048174534943,0.07118267410720126,0.9778026841240125,-0.19706582105181175
OCC_Lateral,TEM_Superior,0.9581519984346855,4,0.0703397467625711,0.6245475544825279,-0.7778127488125091,0.0015584497368795612,0.9903886289196474,-0.1383037777541836,0.008921622357092046,0.9460687448288342,-0.32384307112012084,-0.10819175947377187,0.9458581501120968,-0.3060178149201309
CIN_Posterior,FRO_Premotor,0.9581934536870782,4,0.0043000276237086885,0.992850564221407,-0.11928649080121816,-0.011151747355373345,0.9983172059195053,0.05690689673487555,0.004249790540662621,0.9754047339927787,0.2203804532730553,0.004928641112530042,0.7870579009065367,0.616859440324439
BG_Pallidum,THL_Hypothalamus,0.9583158997907611,4,-0.025507757766068864,-0.22001597687206803,-0.9751627167887301,-0.0899794293243762,0.3691694420230499,-0.9249960137075455,0.04868889178662046,-0.2665519349006012,-0.9625899738815776,0.19288220574515377,0.15925374040877766,-0.9682121156403167
INS_Posterior,OCC_Medial,0.9586481653948863,4,-0.03962008053667116,-0.7301356527945341,0.6821526059002982,-0.007895519920105619,-0.9708638129313083,0.23950181106971344,-0.007557304482055894,-0.9962340115670663,0.08637523572156493,-0.006500183008107831,-0.9999513593253625,0.007417991926452999
FRO_Precentral,OCC_Medial,0.9587726994336844,4,-0.00615017765192414,-0.9858495917341185,0.16751942511996018,0.009542169432067508,-0.9998835241429891,0.011911555310977227,0.008757771915843475,-0.9756283433447128,-0.21925473106302898,0.012835606292483653,-0.8258556464945108,-0.5637354861672607
BG_Pallidum,OCC_Medial,0.9589621059741454,4,-0.015780579846002077,-0.6512945815201125,0.7586608869463782,-0.005795290505397955,-0.9327204412874036,0.360553731103409,0.010378712476598464,-0.9622393666178772,0.2720067713461461,0.03533008108914859,-0.9961720009345287,0.07995705049794853
OCC_Medial,TEM_Inferior,0.9592323461541229,4,0.035098471407087155,0.2563113641396423,-0.9659568219738196,0.03402791991507474,0.7292271895217598,-0.6834250556779791,-0.01851079954775957,0.8025754448704654,-0.596263369318523,-0.1133801790993907,0.8063797335256613,-0.5804279975556602
BG_Pallidum,TEM_Medial,0.9593210536560788,4,-0.0012506010580575497,-0.9959840082267084,0.08952257454772855,0.012546206248823832,-0.82848561727012,-0.5598697836866268,0.03695201066104737,-0.8990603553874871,-0.4362625657544217,0.014395420591857366,-0.8121664645425021,-0.583248151080238
OLF_Piriform,TEM_Hippocampus,0.959645618036628,4,-0.02168198822262587,-0.8196701281386433,0.5724253422271712,-0.024338428794883682,-0.9970360060099867,-0.07298522866614916,-0.04773328293969381,-0.997269360382415,-0.05635030205995292,-0.20390586065454996,-0.96001819033092,0.1918006105946299
BG_Pallidum,INS_Anterior,0.9608021039678547,4,0.003517858652960942,0.9711775067372287,0.23833143955038308,0.0849210577475884,0.9053713175470425,-0.416042295102509,-0.015996578678173015,0.9894638267329984,-0.14389386733799317,-0.015129806900530153,0.9754204745591397,0.2198317237206118
OCC_Lateral,THL_Hypothalamus,0.9619186944400964,4,0.00450099358558227,0.5717471785762303,-0.8204175186128481,-0.007675632662321993,0.9480272255968529,-0.3180966271282468,0.00548954865526476,0.9335780955023852,-0.35833197520414084,-0.07679680672561873,0.9546247494590903,-0.28773918432656537
BG_CaudoPutamen,FRO_Premotor,0.9621819598838106,4,-0.0051894476343501104,0.6051095362746933,0.7961253159790083,0.0021129447216034487,0.6080196521499751,0.7939191634316599,0.017317920476220165,0.2551430247233992,0.9667482229439961,0.003667525478896559,0.0019906412702389827,0.9999912932641939
BG_Accumbens,TEM_Hippocampus,0.9624460302208399,4,0.001271334832244431,-0.9239070953138656,0.38261477093342844,0.04722018986897212,-0.9749991713306511,-0.21713329908902035,0.011364121626100182,-0.953305580037283,-0.3017935185013863,0.0011495613112144942,-0.984405639579155,-0.17590967930601956
BG_CaudoPutamen,OLF_Piriform,0.9624918497388041,4,0.05274505119195425,-0.06669114212163176,-0.9963785681844378,0.11916744798881525,0.5728520409520284,-0.8109498495695827,0.12687714341611916,0.3899908066194422,-0.9120358333041979,0.23840329869713445,0.06917711482439476,-0.9686993310387374
OCC_Lateral,TEM_Hippocampus,0.9628583925950508,4,0.023426877297521055,0.43979689662008853,-0.897791663551977,0.014269152227220524,0.8607863754780365,-0.508766358052595,0.01555048419555527,0.8121762402094449,-0.5832048844793174,-0.10432639792003029,0.9146851601620853,-0.3904703067792627
CIN_Anterior,PAR,0.9636286959407663,4,0.03600897879799778,-0.9590035839736323,-0.28109692166876155,-0.010354630010519422,-0.934523546713948,0.35575064620395064,0.012999249790418593,-0.9858268864342613,0.16726138074348265,0.0014167500178542687,-0.9240915490192003,0.3821685516243872
OCC_Lateral,TEM_Inferior,0.9647782706466992,4,0.03696943639431145,0.3813239091070893,-0.9237019741864664,0.029741770334867586,0.8524220339039383,-0.5220077616400172,-0.0029997871102372255,0.8029796835874843,-0.5959988498504312,-0.18472102699183737,0.7965289631206027,-0.5756906748394475
BG_CaudoPutamen,TEM_Inferior,0.9652778097335343,4,0.017882834287764864,-0.9973407356578823,-0.07065168954264585,0.0648869624787254,-0.8372442667372995,-0.5429656710288471,-0.0028153750353723714,-0.7600851067635572,-0.6498174390855034,-0.11044587853064575,-0.773449877068037,-0.6241610333712224
FRO_Premotor,TEM_Inferior,0.9654116017351326,4,0.012957207240430245,-0.8884964387715286,-0.45870054400538884,0.03294105381156634,-0.7373817094564357,-0.6746725883959479,-0.010929435009473926,-0.5183548797024923,-0.8550957643088803,-0.059722347506808,-0.40431844558182645,-0.9126663332075813
OLF_Piriform,TEM_Inferior,0.9658332339344802,4,-0.009602459825261329,-0.9018635282575508,0.43191430766315914,-0.0029053375369422177,-0.9977462619295987,-0.0670369735243854,-0.07949753945963163,-0.9922547911255805,-0.0954493096266021,-0.277193738672421,-0.9514058428726077,-0.13412886858789397
OCC_Lateral,THL_Thalamus,0.9663548617273404,4,0.012678449684955472,0.7504317860564429,-0.6608262944145936,0.0023999400209727515,0.9898041727400322,-0.14241467590917825,0.004565468273927425,0.9846786445306267,-0.17431902794809118,-0.11295702765261059,0.9897544803905951,-0.08733142876782797
FRO_Premotor,TEM_Medial,0.9664899551185903,4,0.004345919201618806,-0.9219205308968238,-0.38735467945696955,0.01609053551688623,-0.7112844587538096,-0.7027200818263841,0.010673556668577654,-0.6170899659930029,-0.7868202139363206,-0.017570492455550986,-0.44327974974814427,-0.8962111030656182
BG_Accumbens,TEM_Inferior,0.9670214251227975,4,0.012983142840855588,-0.969521141886225,0.24466342889284556,0.06523751854211923,-0.9766413233265898,-0.20473346513297228,-0.01886488429386572,-0.9411839978539313,-0.33736745297119325,-0.10702707555699194,-0.9220949914621118,-0.3718682990229279
FRO_Premotor,OCC_Medial,0.9671006339897903,4,-0.0065489657421466665,-0.9966355853622068,0.08169835394571728,0.0041509375518155285,-0.9956392369933198,-0.09319484683608308,0.0031458636562268073,-0.9503049532435355,-0.311304672921333,0.0029679849056434464,-0.8212528628570366,-0.5705566810709708
OLF_Anterior,THL_Thalamus,0.9672765421066045,4,-0.002621956618836079,-0.9999715104030988,-0.007078398521864243,-0.3538111471982058,-0.8644576749295999,0.35711426795018963,-0.09381868169655251,-0.8709622914752878,0.4823097985660635,-0.007684118658780168,-0.8719488839338506,0.4895366157162815
FRO_Premotor,THL_Thalamus,0.967281276914333,4,0.0034492313918429367,-0.8701906458230643,-0.49270309794524714,0.014171103518274853,-0.8695382539602642,-0.4936622374911913,-0.0073553764505378825,-0.7108392442839044,-0.7033160507361953,-0.015739481620713956,-0.4155691727725904,-0.9094253852622634
OLF_Anterior,PAR,0.9685129976111095,4,0.0022215721815086052,-0.9572035027023147,0.28940718552147626,-0.27751245459834106,-0.6136385459693401,0.739212129529432,-0.051701999239751786,-0.6969835046226273,0.7152208732682324,-0.003957489457563104,-0.7622076519501273,0.64732050298586
INS_Anterior,TEM_Amygdala,0.9691420271460266,4,-0.012557626392760342,-0.8026819530881857,-0.5962750944035107,-0.03159941447271556,-0.425890190013023,-0.9042228835058604,0.004096036896348255,-0.30393675421708444,-0.9526834059212574,0.1628309688213234,-0.4265973616648889,-0.8896632883362475
INS_Anterior,THL_Hypothalamus,0.9691754481105626,4,-0.011614131517195586,-0.8499333073534195,-0.5267622661128821,-0.22999700863369846,-0.6647626519681065,-0.7107685928400892,0.038898732919669124,-0.9096335782860269,-0.41358631726859973,0.14102754908376133,-0.571829328349762,-0.8081599158820532
FRO_Precentral,THL_Hypothalamus,0.9706309378894794,4,0.001613577442604136,-0.5015928648700154,-0.8651023027823513,0.010141396079110254,-0.3942830999764581,-0.9189330710984999,0.004184774437271301,-0.15283039419754274,-0.98824357234051,0.012458315062938072,0.10694316803479978,-0.9941870795763105
OCC_Medial,TEM_Amygdala,0.9711194954734138,4,0.006709206800799845,0.5423691958014838,-0.8401134697109408,0.0073097060919799246,0.8225997971812372,-0.5685737787431251,-0.009741357422531455,0.8757934557538749,-0.48258774208868155,0.018878144345452576,0.9416751991347931,-0.33599320677733957
TEM_Amygdala,TEM_Hippocampus,0.9720233134008147,4,0.004514605013227086,-0.6926968926545356,0.7212146928954826,0.01732285894562406,-0.949533733450718,0.3131862187215311,0.03691033196369786,-0.978786966918879,0.20152841185319495,-0.10639478721718205,-0.9398585041440551,0.324570703300698
BG_CaudoPutamen,TEM_Medial,0.972697328199562,4,0.003226208312674365,-0.997010734617268,-0.07719576826393224,0.02971977078039188,-0.7805976409070666,-0.6243268841200764,0.03431656332470572,-0.8560824627746528,-0.5156987399744805,-0.028725118871060256,-0.8250183332806135,-0.5643754223003709
INS_Anterior,TEM_Hippocampus,0.9731598975902054,4,-0.005113069330113428,-0.9947494787048761,0.10221218683896179,-0.004263902305815665,-0.9650500169920281,-0.26203107418932736,0.02962851520886406,-0.903669386050976,-0.4272046252099458,0.05674269268856224,-0.8835640827490139,-0.46485995579566214
CIN_Anterior,OLF_Piriform,0.974263617566023,4,0.02939981995860808,-0.17861317772215576,-0.9834800370777207,0.06384726086680252,-0.4114179915537168,-0.909207766962927,0.05575495790782636,-0.1491153138840111,-0.9872466803357555,0.16787124248833826,-0.6372176800482898,-0.7521787514808544
BG_CaudoPutamen,OCC_Medial,0.9743176824455753,4,-0.010883442699182783,-0.8177788969158176,0.5754296016318261,0.00619105136398838,-0.9679064303284178,0.25123457765981994,0.012981024571558183,-0.9888891135931791,0.1480871838410368,0.006153632253300659,-0.999970780856319,-0.004535443053857588
OLF_Piriform,TEM_Amygdala,0.9743510913170741,4,-0.12611306097549616,-0.8833431100686208,-0.45144262730239304,-0.07327173172323578,-0.8234181802554998,-0.5626844175512588,-0.16312407896368067,-0.8929329043230164,-0.4195966673360428,-0.3573026516937471,-0.9327949479739281,-0.04720593317511741
BG_Pallidum,FRO_Premotor,0.9744130004270296,4,-0.008497324846819868,0.6750157486580564,0.7377543863197639,-0.018717839433988092,0.5900976781589897,0.8071148448134831,0.008950985037709216,0.34666259467215854,0.9379471868511688,0.03513539729285669,0.166713860577598,0.9853791110777549
BG_Accumbens,TEM_Amygdala,0.9745218794991277,4,-0.004366278762222613,-0.9547592609799453,-0.29734775799188295,0.06462676348120888,-0.6754896766224653,-0.7345318769246307,-0.01918240098894456,-0.6558594556546217,-0.7546392581364442,0.1087629953753622,-0.7677664983436658,-0.6314310848050521
BG_Pallidum,OCC_Lateral,0.9750137562605014,4,-0.013389772242127815,-0.747165400366302,0.6645032569482016,-0.002833128391171146,-0.9736556134421104,0.22800596438730888,-0.002182131664953445,-0.9557997521128409,0.29401032662549254,0.10769091207971478,-0.9801577167651515,0.16641369451209284
OCC_Medial,OLF_Piriform,0.9750937142811659,4,0.024042509176036196,0.6521218357552521,-0.7577328480960293,0.02242054964655266,0.9199496751166386,-0.39139483160401767,0.02055327207292233,0.9356035494621254,-0.3524536299160053,0.06618850810400369,0.95531929144481,-0.2880696665536867
PAR,TEM_Amygdala,0.9753697964966503,4,-0.010817165129197032,-0.007847315271609933,-0.9999107003035799,0.019035923969276124,0.28630287084814277,-0.9579500507556474,-0.011725224578856509,0.4284519313034797,-0.903488495594102,0.0329895517615383,0.5577385253329039,-0.8293608544138373
BG_Accumbens,FRO_Prefrontal,0.9754101266345776,4,-0.001163383595663389,0.4387471193510184,0.8986098217801721,0.04463181003597967,0.8160022452117709,0.5763231188684532,-0.014909337429317954,0.8378906773993547,0.5456344237533673,0.0035918840323754813,0.8099509455492441,0.5864866274460002
FRO_Precentral,OLF_Piriform,0.9757290103887348,4,0.02921885325496688,-0.29276482197545256,-0.9557379440140201,0.0821239306529792,-0.04498930073935378,-0.9956061584949586,0.05068127466593357,0.22105736816883687,-0.9739430416489989,0.09356648458947661,0.2351303458201955,-0.9674497575771275
BG_CaudoPutamen,BG_Pallidum,0.9758525405723127,4,0.016250350707882086,-0.821543810104626,-0.5699137603011927,0.10112197535757225,-0.5136427024767023,-0.8520243660202521,0.023628208816290037,-0.6644029467020084,-0.7470009586083687,-0.16477301084760973,-0.8526982707033137,-0.49573734379789436
CIN_Anterior,THL_Thalamus,0.9765016386050173,4,0.007775537417324266,-0.7964667762730886,-0.6046322976082451,0.007589417997089551,-0.977519052129959,-0.210710473060576,0.00012806947086335422,-0.9011988166986777,-0.4334059025660745,0.0020394332905197513,-0.996489992310785,-0.08368713124671708
INS_Posterior,OCC_Lateral,0.9766388250348048,4,-0.03868794362454544,-0.8173561174876269,0.5748323409687878,-0.004855347865203573,-0.9928686496820526,0.11911452504059092,-0.021716570054294324,-0.9915274751549651,0.12806895251346798,0.08829744423102366,-0.9882312732754506,0.12491001506144618
THL_Hypothalamus,THL_Thalamus,0.976644100276686,4,0.006156351011393122,-0.30004404759872194,0.9539054821326902,0.026755761149097054,-0.7737752083365982,0.6328949803948413,-0.006836393450716482,-0.6808164590679934,0.7324221547623382,-0.03911466376018137,-0.6406034132054985,0.7668750289769469
CIN_Posterior,OLF_Anterior,0.97665125599786,4,0.0067144207151069064,0.9393550097712717,-0.34288056546277834,0.27449954259588843,0.6991045295890419,-0.6602293978782924,0.061886245321503566,0.6824515290248381,-0.7283062564413869,-0.0037946176085245885,0.7376137096119147,-0.675212274969698
INS_Anterior,TEM_Inferior,0.9766829594572617,4,0.005125230112959566,-0.998589563744992,-0.05284520031068122,0.020429086337567865,-0.9693125608884372,-0.24498124772176322,-0.007537712336192747,-0.8840297942337243,-0.46736977416154746,-0.06793036621830467,-0.8196333688282268,-0.5688467333550743
INS_Posterior,PAR,0.9767327549842726,4,-0.04901635251781322,-0.1215764807370043,0.9913710488598376,-0.03042840266250606,-0.6148834549918645,0.7880307412079025,-0.014511410348226715,-0.5078608929769463,0.8613168594392915,-0.030811674139083565,-0.591217005583025,0.8059237513848244
CIN_Anterior,THL_Hypothalamus,0.9770380777195753,4,0.002375681036023141,-0.41106467576343697,-0.9116030871377716,-0.01015375159383973,-0.6742357291205074,-0.738446398126437,0.003855125679984671,-0.5439598126495087,-0.8391024134325339,0.024732700895544166,-0.8426768029746607,-0.537851372811129
CIN_Anterior,TEM_Amygdala,0.977070440679673,4,0.002515185004957609,-0.32017243924164696,-0.9473559431356541,0.012780706918267845,-0.5879574246745164,-0.8087909002336636,-0.002206327648037712,-0.38125933535985784,-0.9244654949316762,0.05546426425592514,-0.7617977897512841,-0.6454361648688485
BG_CaudoPutamen,THL_Hypothalamus,0.9773818463522639,4,-0.006143302063691073,-0.5419005403599813,-0.8404201712222967,0.00110180450167165,-0.057235555782776455,-0.9983600939446031,0.03252557663443525,-0.5474116226751891,-0.8362311894594185,0.013001270385139265,-0.4402751994249245,-0.8977687429063875
FRO_Precentral,TEM_Amygdala,0.9774608868305461,4,0.0017546732663825824,-0.41703555305119333,-0.9088884797449099,0.028850224043532397,-0.36213898590153853,-0.9316775297616893,-0.0021615196888569894,-0.06249329111915092,-0.998043043359219,0.034743007937881744,0.081367823352053,-0.9960784109307748
BG_Pallidum,OLF_Piriform,0.9775136306556151,4,0.05244937319044642,0.6546197951399635,-0.7541365838247349,0.08477437388560691,0.8603051468034765,-0.5026811712365524,0.12743627225299486,0.7813663450554146,-0.6109227703474501,0.33956464639945516,0.5022616497326962,-0.7952541016074065
INS_Posterior,OLF_Piriform,0.9779773349208564,4,-0.032271922110727984,0.3191337088739169,-0.9471600703701868,0.07107742770792136,0.5028213045148844,-0.8614631361795902,0.03705692969946964,0.7131964444871484,-0.6999840109117769,0.14960574785538192,0.7135684574908763,-0.6844254354440104
BG_Accumbens,TEM_Medial,0.9781771668047656,4,0.00311544929616613,-0.9859700217172791,0.16689340984745665,0.03575396628154202,-0.9380688144521104,-0.34459911962677753,0.0189485830267506,-0.966401645102135,-0.2563373003391536,-0.02291653458606039,-0.9510879480932168,-0.30806906276742607
FRO_Premotor,INS_Anterior,0.9788895244580941,4,0.019872214416039206,0.10213741203240705,-0.9945717893432958,0.03743673014141608,-0.4061984934298086,-0.9130176751693653,-0.011498848411340364,-0.2072809684353953,-0.9782138705874588,-0.04027809358792381,0.02127735613650847,-0.9989619358577996
OLF_Piriform,PAR,0.9790154805520814,4,-0.01784000320176691,-0.19871268397919403,0.9798954043731127,-0.04461825598821818,-0.5773208674865421,0.8152973857416423,-0.0273644785599155,-0.6281425916646577,0.777616917157768,-0.08006764024808165,-0.6449410048070232,0.7600264951326442
BG_Accumbens,TEM_Superior,0.979227997465844,4,0.014475080976462586,-0.8921509774345247,0.45150537703702615,0.035148693405129994,-0.9236410469092053,0.38164353239165405,0.001869549858975344,-0.9896502680915036,0.14348815856975786,-0.01858273928874701,-0.9988304541722597,-0.0446363710281627
CIN_Anterior,TEM_Superior,0.9792838564487202,4,0.024044154978020153,-0.9519504159675953,-0.3053068688230171,0.007235076638014827,-0.9727387096233236,-0.23179097580879496,0.007597553734091567,-0.7222639834634803,-0.6915757481062528,-0.00023414905316011258,-0.9301044650350638,-0.3672950167046361
OLF_Piriform,TEM_Medial,0.9799098328809906,4,-0.01585697493595839,-0.9588339219299766,0.2835243666817011,-0.02376461966138238,-0.9727423841165729,-0.23066750311987103,-0.026837567555055602,-0.9976451811194321,-0.06311764853749928,-0.17360205956483396,-0.9822003991413933,-0.0717265699816715
OCC_Lateral,TEM_Amygdala,0.9801205551921499,4,0.004303058878781144,0.6197274590554789,-0.784805300808376,0.004733759454124346,0.8920860367546474,-0.451840784512439,0.0014840605025507583,0.8721600483966319,-0.48921840474905437,-0.05640208038300158,0.9244735493442988,-0.3770510070152625
TEM_Amygdala,TEM_Medial,0.9801751393076867,4,0.007005619383055283,-0.9117278214541504,0.4107350738414344,0.009149534226399832,-0.9999455876118762,-0.005010772293744002,0.04016856306318193,-0.9929234213306781,0.11175672648400034,-0.10401122016580504,-0.9913427400814426,-0.08013262611095201
OLF_Anterior,TEM_Superior,0.9804949076922169,4,0.0074262008970009345,-0.9955996689514887,0.09341386794220433,-0.38157077254022326,-0.8435876646099978,0.3778407040816369,-0.11725102437359936,-0.9463590553339857,0.30109256993607103,-0.011337914956564908,-0.9758490463940401,0.21815153067599596
FRO_Precentral,PAR,0.9813539607329063,4,0.026791942893383436,-0.992933157452772,-0.11561114404271979,0.006587100765903672,-0.9381212771705567,0.3462442482170405,0.020418160032462194,-0.9897384690016048,0.1414244028421124,-0.004807025150416542,-0.9949175572872647,-0.10057806277089221
BG_Accumbens,OCC_Medial,0.9815097645281923,4,-0.007212663075560239,-0.7886689712066303,0.6147757569612142,0.010165564299120956,-0.941899689837326,0.33574042888343053,0.004162528584404447,-0.9669505217956991,0.25493011151060474,0.00899410290402823,-0.9897026621635753,0.14285568458862202
INS_Anterior,THL_Thalamus,0.9819090387869192,4,-0.007717848056495372,-0.9991540896987453,0.040392324266481976,-0.028257296378557346,-0.8975109816842538,0.4400858586202713,0.007224113245435816,-0.8776058012262742,0.4793285614709459,0.054894556407209846,-0.978508566594942,0.1987651196190308
BG_CaudoPutamen,PAR,0.9824250042214635,4,0.014077890779778984,-0.42141832398195667,0.9067570839003306,-0.002862139944957172,-0.5784112124392802,0.8157403247844606,0.021068938960277568,-0.7233838424163519,0.6901245658155075,-0.010529122844373403,-0.7999569305886856,0.5999650379607607
INS_Anterior,PAR,0.9825116705116048,4,-0.0010107828089035262,-0.856844728342997,0.5155735542373453,-0.035859103513086,-0.5204949671634581,0.8531114310878436,0.015869442561247987,-0.6346408749301347,0.7726442393888072,0.02081920102612643,-0.7836047927199934,0.6209106938158577
CIN_Posterior,INS_Posterior,0.9825678391222967,4,0.03982058482694869,0.6236526303301925,-0.780686696252903,0.012757365452291888,0.749243014149221,-0.6621723003684968,0.033591262412247455,0.4347383368517044,-0.8999301114869785,0.02832522580434972,0.36424867885572804,-0.9308708726429188
BG_Accumbens,INS_Posterior,0.982715652100047,4,0.06374029641796945,-0.8915723748622566,0.44837024320869606,0.09893921152118255,-0.6400770400840892,0.7619136533628715,0.024701683662780957,-0.8438567549890607,0.5359996304882648,0.03587843148751902,-0.9263641878148088,0.37491616354620555
OCC_Lateral,OLF_Piriform,0.9827291827947805,4,0.022803004185638784,0.7261530048670805,-0.6871548853952939,0.019213054926515382,0.9584594147738094,-0.284581111024322,0.029029307171486475,0.9303471640310542,-0.36552900528483123,-0.007502924620089571,0.942922472368896,-0.3329277958114549
FRO_Precentral,INS_Posterior,0.9828167482112145,4,0.054880731741708114,-0.5478652009343994,-0.834764533798966,0.06780001706117221,-0.5651863285090664,-0.8221724708070359,0.04041447310791067,-0.606730710694075,-0.7938794083890025,0.030204115028831337,-0.18626878965887858,-0.982034444118098
TEM_Medial,TEM_Superior,0.9830442511616838,4,0.02856890304200577,0.7404687438299126,0.671483326069924,-0.0174792057720774,0.4571446725635805,0.8892205720249133,-0.032314735346905786,0.8016648449898476,0.596899685195815,0.02608823367380064,0.7846205168339987,0.6194271939678866
CIN_Posterior,OCC_Lateral,0.9831217486144519,4,-0.0002710015863149134,-0.7594219859784912,-0.6505983198338469,0.0011733209115345497,-0.9668333223630132,-0.2554054621313653,-0.008505637919781275,-0.9509744837567556,-0.309152365941375,0.11475777618370112,-0.9349834172097037,-0.33561385899309465
FRO_Premotor,THL_Hypothalamus,0.9834870664520013,4,0.0001239192962846027,-0.577290159846824,-0.816539071929835,-0.0011243636604913825,-0.44845559246704925,-0.8938044066748534,-0.003601265872934098,-0.33937302491272214,-0.9406449813004379,0.0006254677076219996,-0.11683153880929704,-0.9931515495278647
FRO_Precentral,OCC_Lateral,0.9837664904338165,4,-0.002951308422682024,-0.9994431164948262,0.03323772961114554,0.010798545772168737,-0.9968883126076744,-0.07808382415987285,-0.0031184141326226125,-0.9850004819312325,-0.17252340736415184,0.08766029196772067,-0.8992629333674212,-0.42853453756209053
FRO_Premotor,OLF_Piriform,0.9838192493972798,4,0.023586629938255815,-0.42403604899962805,-0.9053381136553021,0.05364320679156091,-0.19629924163823304,-0.9790755916155669,0.03561834015114918,-0.02798347335209762,-0.9989736027863947,0.07393705092149795,0.020818293889377826,-0.9970455913049149
TEM_Hippocampus,TEM_Superior,0.9843536179629726,4,0.1692544001248781,0.5197597381994913,0.8373785061638279,-0.031938047127192906,0.37555043190074544,0.9262514962173422,-0.02050031414955613,0.5914632023093789,0.8060713476074585,-0.08458625798923056,0.7138255406402952,0.6951965639220102
CIN_Posterior,OCC_Medial,0.9845309421578219,4,-0.02078486228060942,-0.9864297840177634,-0.16286273577047855,-0.0028439771966178844,-0.991602077573207,-0.12929513349776442,0.009371907370115526,-0.9224728899578409,-0.3859480983825095,0.009508362150370323,-0.8475055201930813,-0.5307014078476446
TEM_Amygdala,TEM_Superior,0.9847734771153855,4,0.022079061287974724,-0.6170345824790409,0.7866262384878587,-0.009090753217802922,-0.4626813688704315,0.8864780364487981,0.02010755510349914,-0.49362627856564484,0.8694416503349677,-0.14984215523556,-0.7672531334597368,0.6235943855669145
INS_Anterior,TEM_Medial,0.985151304695246,4,-0.002319308027210154,-0.9981157971232717,-0.06131456876836606,-0.007171748742206689,-0.9164998156909113,-0.3999708162585166,0.03419995296925151,-0.9379433554902081,-0.3450979934868791,0.014784885923910036,-0.8635899689499238,-0.5039779486022049
CIN_Anterior,TEM_Hippocampus,0.9851546420200326,4,0.006521973564673977,-0.9323041986715899,-0.36161629526356603,0.017254553039624677,-0.8560715572521853,-0.5165692298842637,0.011478413781223636,-0.6854742133768961,-0.7280064208593168,0.009319163840613333,-0.9132854576063976,-0.4072134895972687
OLF_Anterior,TEM_Hippocampus,0.985399256156788,4,-0.0017321367313615622,-0.9989064131055074,0.04672234539311347,-0.32199429777892624,-0.937322496676409,-0.13321489940002715,-0.08098747084298688,-0.9887716800870375,-0.1255850079600014,0.0011505744731977693,-0.9944306053848838,0.10538713039187889
FRO_Precentral,FRO_Premotor,0.9855948658835836,4,0.007842929115988813,0.8980681208610879,0.4397864695007293,0.03523027278181796,0.602411750952995,0.7974076185950729,0.021725722572956126,0.7339215902359908,0.6788866564929358,0.038213875578281147,0.8005818504740859,0.5980036792568888
FRO_Prefrontal,INS_Posterior,0.9858929617558411,4,0.039404633759225115,-0.8910193945819413,-0.45225182511199674,0.0013989781920806725,-0.981022110248331,-0.1938908509031032,0.023540105147094672,-0.9997021433954497,-0.006441113273914337,0.017327564172436263,-0.9888077805659764,-0.14818545344276532
FRO_Premotor,OCC_Lateral,0.9863301128668567,4,-0.0036996179992057282,-0.999398579883601,-0.0344788537121158,0.005719203532349139,-0.9860444283897485,-0.16638412169582054,-0.006620565361946529,-0.9628458644131211,-0.2699703863330896,0.06497349608429827,-0.8848596568326068,-0.4613044900243927
CIN_Posterior,INS_Anterior,0.9863359315298503,4,0.011268777633662,0.8754361905615047,-0.48320232916016015,0.02286109063008949,0.6332742009784711,-0.7735897859397329,-0.007931617407395569,0.6093120859027581,-0.7928908319675116,-0.044855142989621864,0.7545765127346333,-0.6546772506942795
BG_Accumbens,FRO_Precentral,0.9865598723336,4,-0.005341474246281312,-0.11096589015191811,0.9938098610275854,0.0029243231187436767,0.07285787692832256,0.9973380460524879,-0.007384632667939183,-0.26815608723641815,0.9633471752584394,-0.0037382041005331506,-0.34986687941297545,0.93679196864615
FRO_Premotor,TEM_Amygdala,0.9867130692859162,4,0.00020746442415135489,-0.5107991178165158,-0.8597000745587857,0.016229122671926437,-0.41248000522501027,-0.9108220796988155,-0.007186055076390428,-0.23429730125057582,-0.9721384341950153,0.020956086045847915,-0.11562006688459338,-0.9930724256524502
BG_CaudoPutamen,OCC_Lateral,0.9879260703482226,4,-0.007958582330907257,-0.8899499765946819,0.4559887061390965,0.00815869253754924,-0.9917916559816071,0.1276038669529221,0.0010953275913601025,-0.9843325924377117,0.1763183136328199,0.07525610713201193,-0.9935638706116688,0.08466022297687523
INS_Anterior,OCC_Medial,0.9884316674081074,4,-0.012652146228292242,-0.90850216290903,0.417688572007222,-0.014668646051322108,-0.9301228806016832,0.36695538939256345,0.010912662708145686,-0.9654926361355325,0.2602016205957961,0.03257853702292678,-0.998798921875908,0.0365971663516399
BG_Accumbens,OCC_Lateral,0.9892365835208272,4,-0.005062253375613327,-0.8447189164204925,0.5351862534035701,0.011684703122468254,-0.973773524909953,0.22721925512021454,-0.005907234535339469,-0.9616897983669787,0.2740763329750023,0.07210225052527829,-0.9758292930789821,0.2062970097654446
OLF_Piriform,TEM_Superior,0.9896288790741526,4,-0.004795148908967305,-0.760474948555631,0.6493495662324347,-0.04716676635763363,-0.8588788273254434,0.510002407958468,-0.07445719207307065,-0.8863496720876102,0.45699057467171006,-0.2472361751172425,-0.8893513822065784,0.3846146027917358
BG_Accumbens,BG_CaudoPutamen,0.9897907410525306,4,0.002054251234563551,-0.7074342945440337,0.7067761307195163,0.027557586784356915,-0.7206207511233731,0.6927815763002132,-0.04550884470328888,-0.6180608205289664,0.7848119310897564,0.02044815627324406,-0.4372567747059516,0.8991042130247049
OLF_Anterior,TEM_Medial,0.9898315762670853,4,-7.441729986064374e-05,-0.9975652543655716,-0.06973921238885698,-0.27852297072519083,-0.9231905707546268,-0.26484736141438325,-0.05586587700579999,-0.9914415477668659,-0.11799432676198604,-0.017625807260100216,-0.9980876633720132,-0.059248182613685835
OLF_Piriform,THL_Thalamus,0.9903416811591925,4,-0.03379101616910548,-0.6985736364188065,0.7147398419892823,-0.04233203192843171,-0.8786636559571741,0.4755609096349099,-0.059610265886791906,-0.8007973803811701,0.5959615522628633,-0.1806152027979037,-0.6848416144447328,0.705953335315447
CIN_Anterior,TEM_Inferior,0.9907060509542688,4,0.018488293486998073,-0.8453015625460316,-0.5339695228767048,0.0302101243687219,-0.8645443088615289,-0.5016477712506728,-0.006801845459111227,-0.6719670796897189,-0.7405497813865192,-0.06040033162701321,-0.8720018104771198,-0.485761919528458
FRO_Premotor,PAR,0.9907876278474687,4,0.015960203018888505,-0.9749919354907162,-0.221666410733929,-0.004212906965370349,-0.9969303766091405,0.07817976470198794,0.006231000802255847,-0.9871892414280441,-0.15943204269445102,-0.0162764970761246,-0.9620696134622957,-0.27231807596162244
CIN_Posterior,THL_Thalamus,0.9909197661785293,4,0.012190634767359517,0.4145018111961974,-0.9099668328785618,0.008983992724342804,0.09512735240625085,-0.9954245700699305,-0.007166823500551054,0.20093839697435154,-0.979577662700763,-0.025113203288435613,0.37114609379011443,-0.928234832402304
FRO_Prefrontal,TEM_Hippocampus,0.9909806270805654,4,0.0016341524683496022,-0.9950575604072619,-0.09928635869070189,0.006948895085225398,-0.9237548542462252,-0.3829212479265546,0.013093917015830072,-0.9090963542071122,-0.4163800764980467,-0.001261884696681601,-0.9200307224171306,-0.3918442004874198
FRO_Premotor,INS_Posterior,0.9917820735025539,4,0.04139420931558785,-0.645506631695006,-0.7626320920816965,0.02989033034462104,-0.5797505854876934,-0.8142455568061554,0.0162852781674658,-0.6588617099624235,-0.7520877853418438,0.010796396594743254,-0.3878650418392277,-0.9216529428909903
FRO_Prefrontal,TEM_Superior,0.9920476439605876,4,0.013275949172531925,-0.9988561983045485,-0.04593521832050938,-0.0043717293767716004,-0.9951122302223989,-0.09865362255923307,0.009721822566185562,-0.9668792450003267,-0.2550490379389618,-0.010876585360935822,-0.9350399102256168,-0.3543756004244037
CIN_Posterior,TEM_Superior,0.9920537380204196,4,0.053686079970121786,0.00774498043123425,-0.9985278264002269,0.0068422789271215595,0.24380783192414018,-0.9697994247840805,0.0037193463100546583,0.33023914140003957,-0.9438899702562743,-0.018960902527603844,0.2600592597431145,-0.9654064768775907
BG_Accumbens,FRO_Premotor,0.9928757546856138,4,-0.0030045399115513267,0.10610942117836958,0.9943499200367601,0.012969256535597091,0.23839412993743747,0.9710818900567995,0.0015377341890381196,0.037054201968010965,0.9993120741240334,0.007226133277071884,-0.08949408847603212,0.9959611393652394
OLF_Anterior,TEM_Inferior,0.9932877833099336,4,0.005656713521716188,-0.9978427121890538,-0.06540583554489768,-0.2935228213273408,-0.94753869552658,-0.12654949166166263,-0.10809571502244547,-0.9813539809582317,-0.158932943253489,-0.08383801231386051,-0.991201358757494,-0.10242584677979827
CIN_Posterior,TEM_Medial,0.9935103728117476,4,0.014456169466465678,-0.395503656353256,-0.918350628559464,0.013995953251005876,-0.18159246688864095,-0.9832742696022783,0.018909766106641926,-0.16139166785251036,-0.9867092531711542,-0.025085162231431514,-0.11368848871062691,-0.9931997091071445
FRO_Prefrontal,OCC_Medial,0.9938023754247002,4,-0.006706147532199751,-0.9721767447560753,0.2341525240964897,-0.004960591232788047,-0.9949848989962966,0.09990216866490248,0.007576220558274545,-0.999118774799066,0.04128286237732848,0.005695804743833986,-0.99736408949373,-0.07233554310754337
BG_Pallidum,THL_Thalamus,0.9938155512431768,4,-0.014937368535094446,-0.7399897798947584,0.6724522292866265,-0.0038921671523192026,-0.8930753180361823,0.44989035036265274,0.0040582380294139405,-0.8151917047774203,0.5791770153987291,0.07807007683463414,-0.870840684881816,0.4853262455890923
CIN_Anterior,TEM_Medial,0.9939792876556698,4,0.006964946986435288,-0.900926548310727,-0.433915710780787,0.012680203935250727,-0.8294067386526299,-0.5585012751156154,0.016969883257190524,-0.7536776386044856,-0.6570251442142866,-0.007786107975305115,-0.8958981959304445,-0.4441911739906269
CIN_Anterior,OCC_Medial,0.9941729727948762,4,-0.0059978968531496915,-0.9900202109734708,0.14079775245856532,0.00044819236280778786,-0.9981346777612196,0.0610488670993351,0.0071337364094000025,-0.9904657040439516,-0.13757470304369346,0.012179701535939566,-0.9980463533244701,-0.061279127655526205
BG_CaudoPutamen,TEM_Amygdala,0.9947057121550783,4,-0.006338453001175128,-0.37689256029348017,-0.9262352951647747,0.037287704031310445,-0.1469384361919373,-0.9884425745067547,0.007711830037163169,-0.20342016853287107,-0.9790611639277375,0.06996301880946965,-0.3409778740447776,-0.9374642742051398
BG_Accumbens,BG_Pallidum,0.9948099891343811,4,0.009559772343580747,-0.9600004936685329,0.27983506375883654,0.0802086746116809,-0.9715463972081677,0.22285458619661952,-0.023567263890053935,-0.9838011507566088,0.1777072869713246,-0.09426193540627811,-0.9193519969558829,0.38197721558581627
BG_CaudoPutamen,FRO_Prefrontal,0.9950383135019376,4,-0.0025303538133985624,0.9091512070045026,0.4164584974662363,0.025997873803037457,0.9800978269210133,0.1968053866702553,0.004125285028364629,0.9825768146138317,0.18581115522694153,-0.004578563436735523,0.9749170366901655,0.22252147835236566
BG_Accumbens,THL_Hypothalamus,0.9950423575893248,4,-0.0038635210467175955,-0.9743498137303453,-0.22500558590569014,0.033969016495890215,-0.9225796873413207,-0.38430824402228586,-0.007177388915899046,-0.9921012478033033,-0.12523417742564652,0.03531783571770051,-0.9580944205429203,-0.2842670079427851
FRO_Prefrontal,TEM_Inferior,0.9951026608226982,4,0.010740924696677529,-0.9709013369992795,-0.2392388479107678,0.01854794143656188,-0.9280012811214191,-0.37211503074381536,-0.0035845707391858597,-0.9005551090460749,-0.43472709419085875,-0.06359485239397775,-0.8819234411842397,-0.46708322453149304
FRO_Prefrontal,TEM_Medial,0.9952311366673735,4,0.0030025857332953783,-0.977537343341898,-0.21074089980584823,0.004153350489837728,-0.8981071251623197,-0.4397571391261112,0.017560643281877748,-0.9266810408438194,-0.3754382403913351,-0.015065985913051184,-0.9032295000335114,-0.4288933274576334
BG_Pallidum,TEM_Amygdala,0.9955371847644539,4,-0.02426917934668738,0.10665267115429451,-0.994000107982636,0.008810923239458798,0.013537276569883102,-0.9998695463782957,-0.002057530478155404,0.07725403798003427,-0.9970093180026508,0.19425179274230367,0.04727270929779918,-0.979811988073246
FRO_Prefrontal,THL_Hypothalamus,0.9955407177180883,4,-0.0014230186718844602,-0.7749357767957529,-0.632038382426117,-0.021669391889730154,-0.8521262571969048,-0.5228874441509603,0.007391345380696334,-0.9126295366760607,-0.40872080544046446,0.008232632638664524,-0.8651080005237662,-0.501518066663214
FRO_Precentral,FRO_Prefrontal,0.995724570666631,4,0.008104514433217842,0.9093272367933222,-0.41600275632695405,0.05168243431612237,0.9237522472702568,-0.37948743279100844,-0.004257779401976568,0.8732127955195915,-0.4873205157341768,0.005749658799324911,0.8107819228862141,-0.58532009613939
BG_Accumbens,PAR,0.9958879909969188,4,0.00815694724074313,-0.5740627338308011,0.818770689410911,0.0062275750296392875,-0.6231628052429535,0.7820673471453613,0.00589782072178404,-0.7008762950999692,0.71325846274522,-0.005172316149455384,-0.7483804271145015,0.6632495634808714
INS_Anterior,OCC_Lateral,0.9960019998489145,4,-0.01039010728660178,-0.9474587039093714,0.31970932119184003,-0.011487011940111463,-0.9686104781828473,0.2483179214456411,-0.0005761785626650754,-0.9597029541108684,0.2810158498895329,0.09685834332378301,-0.9881926517130138,0.11871707724238471
FRO_Prefrontal,PAR,0.9960594029214199,4,0.009862729020778121,-0.9880931893013737,0.15354014404220961,-0.017409932830340737,-0.9327379641386319,0.3601343978202629,0.011316730131927261,-0.9382014220334184,0.34590464482801125,-0.0057398100972892024,-0.9398006634434812,0.34167494431292383
OCC_Lateral,OLF_Anterior,0.9960750204645015,4,0.006220343962166262,0.9752722440169492,-0.22091934585078093,0.16012179966708925,0.9569459279951259,-0.24210638191695777,0.0451484412508246,0.9474574365028341,-0.31667968717317346,-0.0609717740286669,0.960383621344127,-0.27192966485055964
CIN_Posterior,TEM_Hippocampus,0.9960875566739372,4,0.016874112960372372,-0.08240637759442314,-0.9964559464640502,0.020444823766485747,-0.07041329936110355,-0.9973083657797325,0.010190803285516704,0.03437254039839318,-0.9993571313574326,-0.004966855828028161,0.13398165280795193,-0.9909713654056977
OCC_Medial,OLF_Anterior,0.9964818176227123,4,0.00808031342644234,0.9538671133203447,-0.3001203736183923,0.17111328032230627,0.9231876454191115,-0.3441581273816682,0.037843342621755094,0.9527189414046994,-0.3014871475003892,-0.007620900520642102,0.9735709341016532,-0.22825765736923057
CIN_Posterior,TEM_Inferior,0.9968969028119151,4,0.029713468445452182,0.010567488202729873,-0.999502595287289,0.03978386863677031,-0.11414266004908426,-0.9926674654451063,-0.011674398426439376,0.038582052673888007,-0.9991872365241912,-0.09168685779734013,-0.05448760157697494,-0.9942960431288255
BG_Pallidum,FRO_Prefrontal,0.9974041754463716,4,-0.006573796924150625,0.8863584526973312,0.46295299818231334,0.002861423975041506,0.9426405519274367,0.33379724701496977,-0.002315479927605437,0.9451815284576741,0.3265371599299529,0.03840573025522681,0.9548888466008704,0.29446950694566343
CIN_Anterior,CIN_Posterior,0.9975701542208557,4,-0.002953450713227624,-0.9797144264143024,0.20037694429394565,0.00336323554840744,-0.9735338943097313,0.228517932068306,0.004216192796855408,-0.9904044559516043,0.13813485204504444,0.012207069513737503,-0.9455494121759616,0.32524959121815983
CIN_Posterior,THL_Hypothalamus,0.99777308565423,4,0.004209658823595932,0.3653535835510378,-0.9308593007318581,-0.012021355766960205,0.5158112019432444,-0.8566179375634098,-0.0005004415516931823,0.44657403664087136,-0.8947465447580845,0.0050501147636907205,0.5039079952780363,-0.8637425708136331
FRO_Prefrontal,THL_Thalamus,0.997906700128923,4,0.001482284141232255,-0.9773709810283704,-0.21152722821746955,-0.003430450937733384,-0.9960453273903692,-0.08878027816004912,0.003189555693186669,-0.9993593019709449,-0.035648454365170404,-0.009366786900962256,-0.9946885552004726,-0.10250337290230092
CIN_Posterior,OLF_Piriform,0.9980215157955429,4,0.022709433917273845,0.5567005903646143,-0.8304027542697862,0.034012206614853685,0.6691867394436734,-0.7423154838435837,0.03615423581026839,0.6077823528901781,-0.7932802044348859,0.09547923788305247,0.5648814438870052,-0.819629592856068
FRO_Prefrontal,OCC_Lateral,0.9983427267356437,4,-0.004347054116095564,-0.9909593581001177,0.1340919599167466,-0.00295422929650109,-0.999739044966572,0.022652030782920326,-0.0005265915079251084,-0.9978688501953267,0.06524937173061877,0.05595928154904058,-0.9984316250607894,-0.001687864623238152
TEM_Amygdala,THL_Thalamus,0.9985179640682701,4,0.005423083588671585,-0.44596692612469013,0.8950330111047778,-0.007394013891410329,-0.5363965684851674,0.8439336762304908,0.003442629506267476,-0.517433613883267,0.8557164270514999,-0.08381642812500627,-0.47766896130683856,0.8745325435799469
CIN_Anterior,OCC_Lateral,0.998646695703279,4,-0.002488399735959428,-0.9999814115110103,-0.005566372175981102,0.00229752737777864,-0.9997391198612863,-0.022724735134406857,-0.002595367955774924,-0.9948202218008327,-0.10161688029710535,0.06458752491125556,-0.9978361834671117,0.012304575962889523
BG_CaudoPutamen,THL_Thalamus,0.9989176195866893,4,-0.0001745849966758923,-0.9943852614146812,0.10582023153128657,0.03380698380148455,-0.9952372605937021,0.09143239563846942,0.013531075668725146,-0.983447375784157,0.1806880434741112,-0.029601268815548424,-0.9966198269429554,0.07663344849805225
FRO_Prefrontal,OLF_Piriform,0.9989522066407236,4,0.02425253627094641,-0.6877596913538488,-0.7255331980228644,0.04179490275577448,-0.7239244134315819,-0.6886121039753624,0.07041447465647255,-0.7007538600614693,-0.7099195935933896,0.1339764728089765,-0.7022670683316096,-0.6991932990744347
BG_CaudoPutamen,CIN_Posterior,0.9990888361536177,4,-0.00845887524622249,-0.7388900439607237,0.673772921959089,0.01666113439614313,-0.719452943447495,0.6943413200763505,0.012407223049037077,-0.7050857764579552,0.7090134756497184,-0.00034651841206767813,-0.7788525369296192,0.6272069878782334
FRO_Prefrontal,TEM_Amygdala,0.9991493475996027,4,-0.0014222608261406134,-0.7281791541640183,-0.6853853635839601,0.0009738645339691853,-0.7626362763404354,-0.6468268405048329,0.0012179185357994535,-0.7719946370864413,-0.635627876185598,0.03731846869617462,-0.7961314838505179,-0.6039718472877235
BG_Pallidum,CIN_Posterior,0.9991874970450583,4,-0.013269133517704592,-0.523994727008054,0.8516181398745829,-0.00744589263999209,-0.5497338692939714,0.8353066692142906,0.0061861089701288,-0.5145465290368446,0.8574401445651733,0.046921145722661095,-0.5844911315204444,0.8100422972030679
BG_Accumbens,THL_Thalamus,0.9992384202824143,4,0.0009847099406953986,-0.903943851784339,0.42765002416418235,0.03306956986643766,-0.9347922691449518,0.3536521130937587,-0.00781449794831368,-0.9078787582594615,0.4191599860710396,-0.012706798942638478,-0.9011884406451242,0.4332411934572255
FRO_Prefrontal,FRO_Premotor,0.9994001722570212,4,-0.005539131850444264,-0.6105896209677636,0.7919277951838702,-0.03584352946543018,-0.65338840435672,0.7561738123260024,0.013511969257885824,-0.6087293153694228,0.7932629118373353,0.006243796170797029,-0.5926627978457171,0.8054264851984099
CIN_Posterior,FRO_Prefrontal,0.9995080063314463,4,0.00482773899019442,0.9593095203373766,-0.28231531507574076,0.0063042806639727,0.9657781266645024,-0.25929301205723665,-0.005460580392708037,0.9411565199138826,-0.3379268960668333,-0.002049839499721861,0.9611618421898109,-0.2759777369215029
CIN_Posterior,TEM_Amygdala,0.9995768186984632,4,0.004095748383512259,0.4290450572576601,-0.9032738032778047,0.008224259389246017,0.37550521255639513,-0.9267837918848575,-0.005057573705926717,0.3917889609141176,-0.9200412116063308,0.03244666005224386,0.42872743852927997,-0.902851038490612
BG_Accumbens,CIN_Posterior,0.9996772254610047,4,-0.00521055165025032,-0.7293377761978976,0.6841339476756038,0.02003896144525114,-0.7198243603265415,0.6938669399133247,-0.0017569705620120151,-0.6848621569177408,0.7286705284807558,0.004771703711587165,-0.7086926257001941,0.7055012353793957
