,0,FRO_Precentral,FRO_Premotor,FRO_Prefrontal,PAR_Postcentral,PAR_Superior,PAR_Inferior,PAR_Precuneus,TEM_Superior,TEM_Inferior,TEM_Medial,TEM_Hippocampus,TEM_Amygdala,OCC_Lateral,OCC_Medial,INS_Anterior,INS_Posterior,OLF_Anterior,OLF_Piriform,OLF_Claustrum,CIN_Anterior,CIN_Posterior,BG_Caudate,BG_Putamen,BG_Accumbens,BG_Pallidum,BG_Substantia_Nigra,THL_Thalamus,THL_Hypothalamus,THL_Subthalamus,Cerebellum,SUM
A10,0.4992359746780179,0.0,0.0,0.12704649639816634,0.0004365858982754857,0.0,0.0,0.0,0.0013097576948264572,0.0,0.0021829294913774284,0.015062213490504257,0.0336171141672124,0.015062213490504257,0.0004365858982754857,0.0004365858982754857,0.00021829294913774285,0.0,0.0,0.006767081423270029,0.0626500764025322,0.0032743942370661427,0.0026195153896529143,0.01920977952412137,0.038637851997380485,0.015498799388779742,0.0,0.038637851997380485,0.0809866841301026,0.0,0.0366732154551408,1.0
A9,0.19710669077757687,0.0,0.0,0.5852923447860157,0.0,0.0,0.0,0.0,0.0,0.0,0.0,0.0,0.0,0.0,0.0,0.0,0.0,0.0,0.0,0.0,0.21760096443640747,0.0,0.0,0.0,0.0,0.0,0.0,0.0,0.0,0.0,0.0,1.0
A46,0.37032258064516127,0.0,0.0,0.5645161290322581,0.0,0.0,0.0,0.0,0.0,0.0,0.0,0.0,0.0,0.0,0.0,0.0,0.0,0.0,0.0,0.0,0.06516129032258064,0.0,0.0,0.0,0.0,0.0,0.0,0.0,0.0,0.0,0.0,1.0
8a,0.43964737793851716,0.08838155515370705,0.31329113924050633,0.13969258589511754,0.0,0.0,0.0,0.0,0.0,0.0,0.0,0.0,0.0,0.0,0.0,0.0,0.0,0.0,0.0,0.0,0.0189873417721519,0.0,0.0,0.0,0.0,0.0,0.0,0.0,0.0,0.0,0.0,1.0
A8b,0.2730235194105979,0.014735052422782658,0.10838764522527629,0.44375177103995467,0.0,0.0,0.0,0.0,0.0,0.0,0.0,0.0,0.0,0.0,0.0,0.0,0.0,0.0,0.0,0.0,0.1601020119013885,0.0,0.0,0.0,0.0,0.0,0.0,0.0,0.0,0.0,0.0,1.0
A47L,0.340759782919166,0.015424164524421594,0.0,0.6438160525564125,0.0,0.0,0.0,0.0,0.0,0.0,0.0,0.0,0.0,0.0,0.0,0.0,0.0,0.0,0.0,0.0,0.0,0.0,0.0,0.0,0.0,0.0,0.0,0.0,0.0,0.0,0.0,1.0
A47M,0.4783226723525231,0.05828002842928216,0.0,0.38095238095238093,0.0,0.0,0.0,0.0,0.0,0.0,0.0,0.0,0.0,0.0,0.0,0.0,0.0,0.0,0.0,0.0,0.0,0.0,0.032693674484719264,0.04975124378109453,0.0,0.0,0.0,0.0,0.0,0.0,0.0,1.0
A45,0.7386363636363636,0.01461038961038961,0.0,0.24675324675324675,0.0,0.0,0.0,0.0,0.0,0.0,0.0,0.0,0.0,0.0,0.0,0.0,0.0,0.0,0.0,0.0,0.0,0.0,0.0,0.0,0.0,0.0,0.0,0.0,0.0,0.0,0.0,1.0
ProM,0.4217732884399551,0.21189674523007856,0.0,0.003591470258136925,0.11447811447811448,0.0,0.001122334455667789,0.0,0.010325476992143659,0.0,0.0,0.0,0.0,0.0,0.0,0.039057239057239054,0.13378226711560046,0.0,0.0,0.0,0.0,0.0,0.0,0.06397306397306397,0.0,0.0,0.0,0.0,0.0,0.0,0.0,0.9999999999999999
A32V,0.2816399286987522,0.0,0.0,0.07754010695187166,0.0,0.0,0.0,0.0,0.0,0.0,0.0,0.0,0.0,0.0,0.0,0.0,0.0,0.0,0.0,0.0,0.6408199643493762,0.0,0.0,0.0,0.0,0.0,0.0,0.0,0.0,0.0,0.0,1.0
A32D,0.3925596890616324,0.0,0.0,0.028872848417545807,0.0,0.0,0.0,0.0,0.0,0.0,0.0,0.0,0.0,0.0,0.0,0.0,0.0,0.0,0.0,0.0,0.5785674625208218,0.0,0.0,0.0,0.0,0.0,0.0,0.0,0.0,0.0,0.0,1.0
A14,0.18693508627773212,0.0,0.0,0.419063270336894,0.0,0.0,0.0,0.0,0.0,0.0,0.0,0.0,0.0,0.0,0.0,0.0,0.0,0.0,0.0,0.0,0.3582580115036976,0.0,0.020542317173377157,0.0,0.015201314708299097,0.0,0.0,0.0,0.0,0.0,0.0,1.0
A24a,0.7615740740740741,0.0,0.0,0.0,0.0,0.0,0.0,0.0,0.0,0.0,0.0,0.0,0.0,0.0,0.0,0.0,0.0,0.0,0.0,0.0,0.22592592592592592,0.0125,0.0,0.0,0.0,0.0,0.0,0.0,0.0,0.0,0.0,1.0
A24b,0.42099487929773227,0.0,0.0032918800292611556,0.0,0.0,0.0,0.0,0.0,0.0,0.0,0.0,0.0,0.0,0.0,0.0,0.0,0.0,0.0,0.0,0.0,0.4070958302852963,0.1686174103877103,0.0,0.0,0.0,0.0,0.0,0.0,0.0,0.0,0.0,1.0
A24cd,0.42577216871471274,0.02889405513118565,0.0009963467286615742,0.0,0.0,0.0,0.0,0.0,0.0,0.0,0.0,0.0,0.0,0.0,0.0,0.0,0.0,0.0,0.0,0.0,0.14911989372301562,0.39521753570242446,0.0,0.0,0.0,0.0,0.0,0.0,0.0,0.0,0.0,1.0
A25,0.3615023474178404,0.0,0.0,0.0,0.0,0.0,0.0,0.0,0.0,0.0,0.0,0.0,0.0,0.0,0.0,0.0,0.0,0.0,0.0,0.0,0.17788210745957225,0.0,0.3145539906103286,0.0,0.14606155451225875,0.0,0.0,0.0,0.0,0.0,0.0,1.0
A11L,0.3242009132420091,0.0,0.0,0.5989345509893456,0.0,0.0,0.0,0.0,0.0,0.0,0.0,0.0,0.0,0.0,0.0,0.0,0.0,0.0,0.0,0.0,0.07686453576864535,0.0,0.0,0.0,0.0,0.0,0.0,0.0,0.0,0.0,0.0,1.0
A11M,0.14749034749034748,0.0,0.0,0.6301158301158302,0.0,0.0,0.0,0.0,0.0,0.0,0.0,0.0,0.0,0.0,0.0,0.0,0.0,0.0,0.0,0.0,0.22239382239382238,0.0,0.0,0.0,0.0,0.0,0.0,0.0,0.0,0.0,0.0,1.0
A13L,0.43032568072610783,0.003203416978109984,0.0,0.2952482648158035,0.0,0.0,0.0,0.0,0.0,0.0,0.0,0.0,0.0,0.0,0.0,0.0,0.0,0.0,0.0,0.0,0.04805125467164976,0.0,0.203416978109984,0.019754404698344902,0.0,0.0,0.0,0.0,0.0,0.0,0.0,1.0
A13M,0.27958115183246074,0.0,0.0,0.22408376963350785,0.0,0.0,0.0,0.0,0.0,0.0,0.0,0.0,0.0,0.0,0.0,0.0,0.0,0.0,0.0,0.0,0.36858638743455496,0.0,0.1130890052356021,0.0,0.014659685863874346,0.0,0.0,0.0,0.0,0.0,0.0,1.0
Gu,0.1982537236774525,0.108371854134566,0.0,0.0030816640986132513,0.1027221366204417,0.0,0.0,0.0,0.19311761684643042,0.0,0.0,0.0,0.0,0.0,0.0,0.05957883923985619,0.08063687724704674,0.0,0.0,0.0,0.0,0.0,0.0,0.2542372881355932,0.0,0.0,0.0,0.0,0.0,0.0,0.0,0.9999999999999999
Opro,0.29747596153846156,0.09435096153846154,0.0,0.045072115384615384,0.0,0.0,0.0,0.0,0.025240384615384616,0.0,0.0,0.0,0.01141826923076923,0.0,0.0,0.2704326923076923,0.019230769230769232,0.0,0.0,0.003605769230769231,0.0,0.0,0.0,0.15084134615384615,0.08233173076923077,0.0,0.0,0.0,0.0,0.0,0.0,1.0
OPAl,0.5386266094420601,0.0,0.0,0.12660944206008584,0.0,0.0,0.0,0.0,0.0,0.0,0.0,0.0,0.0,0.0,0.0,0.01072961373390558,0.0,0.0,0.002145922746781116,0.0,0.0,0.0,0.08798283261802575,0.1223175965665236,0.09227467811158799,0.0,0.0,0.0,0.019313304721030045,0.0,0.0,1.0
A6D,0.5106422703510082,0.1446975354742345,0.24085138162808065,0.0,0.08793876026885736,0.0,0.0,0.0,0.0,0.0,0.0,0.0,0.0,0.0,0.0,0.0,0.0,0.0,0.0,0.0,0.015870052277819267,0.0,0.0,0.0,0.0,0.0,0.0,0.0,0.0,0.0,0.0,0.9999999999999999
A6M,0.1613141380583241,0.2967884828349945,0.2823920265780731,0.0,0.0,0.0,0.0,0.0,0.0,0.0,0.0,0.0,0.0,0.0,0.0,0.0,0.0,0.0,0.0,0.0,0.25950535252860835,0.0,0.0,0.0,0.0,0.0,0.0,0.0,0.0,0.0,0.0,1.0
A6V,0.7070151306740028,0.1448876662081614,0.0,0.0004585052728106373,0.14099037138927098,0.0,0.0004585052728106373,0.0,0.0,0.0,0.0,0.0,0.0,0.0,0.0,0.0,0.0,0.0,0.0,0.0,0.0,0.0,0.0,0.006189821182943604,0.0,0.0,0.0,0.0,0.0,0.0,0.0,1.0
A4M,0.46896290688872067,0.25397426192278577,0.0,0.0,0.2630582891748675,0.0,0.0,0.0,0.0,0.0,0.0,0.0,0.0,0.0,0.0,0.0,0.0,0.0,0.0,0.0,0.001514004542013626,0.012490537471612415,0.0,0.0,0.0,0.0,0.0,0.0,0.0,0.0,0.0,1.0
A4L,0.17138461538461539,0.2276923076923077,0.0,0.0,0.43353846153846154,0.0,0.0,0.0,0.0,0.0,0.0,0.0,0.0,0.0,0.0,0.0,0.0,0.0,0.0,0.0,0.026153846153846153,0.14123076923076924,0.0,0.0,0.0,0.0,0.0,0.0,0.0,0.0,0.0,1.0
S1M,0.7003018542475204,0.0,0.0,0.0,0.2069857697283312,0.03607876958459106,0.05663360643955728,0.0,0.0,0.0,0.0,0.0,0.0,0.0,0.0,0.0,0.0,0.0,0.0,0.0,0.0,0.0,0.0,0.0,0.0,0.0,0.0,0.0,0.0,0.0,0.0,1.0
S1D,0.19740777666999004,0.0,0.0,0.0,0.28414755732801594,0.36689930209371885,0.0036556995679627785,0.14556331006979062,0.0,0.0,0.0,0.0,0.0,0.0,0.0,0.0,0.0,0.0,0.0,0.0,0.0,0.002326354270521768,0.0,0.0,0.0,0.0,0.0,0.0,0.0,0.0,0.0,1.0
S1V,0.7064770932069511,0.0,0.0,0.0,0.15860979462875197,0.0,0.11595576619273301,0.0,0.010742496050552922,0.0,0.0,0.0,0.0,0.0,0.0,0.0,0.0072669826224328595,0.0,0.0,0.0,0.0,0.0,0.0,0.0009478672985781991,0.0,0.0,0.0,0.0,0.0,0.0,0.0,1.0
S2a,0.6249521622655951,0.0,0.0,0.0,0.0,0.0,0.08993494068120934,0.0,0.28511289705319554,0.0,0.0,0.0,0.0,0.0,0.0,0.0,0.0,0.0,0.0,0.0,0.0,0.0,0.0,0.0,0.0,0.0,0.0,0.0,0.0,0.0,0.0,1.0
S2b,0.5995554144172753,0.0,0.0,0.0,0.015242934264845983,0.0,0.2626230549380756,0.0,0.09907907272149889,0.0,0.0,0.0,0.0,0.0,0.0,0.0,0.023499523658304225,0.0,0.0,0.0,0.0,0.0,0.0,0.0,0.0,0.0,0.0,0.0,0.0,0.0,0.0,1.0
Core,0.7440068493150684,0.0,0.0,0.0,0.0,0.0,0.0,0.0,0.2482876712328767,0.0,0.0,0.0,0.0,0.0,0.0,0.0,0.007705479452054794,0.0,0.0,0.0,0.0,0.0,0.0,0.0,0.0,0.0,0.0,0.0,0.0,0.0,0.0,1.0
BeltM,0.5964125560538116,0.0,0.0,0.0,0.0,0.0,0.005605381165919282,0.0,0.374813153961136,0.0,0.0,0.0,0.0,0.0,0.0,0.0,0.0005605381165919282,0.0,0.0,0.0,0.0,0.0,0.0,0.022608370702541108,0.0,0.0,0.0,0.0,0.0,0.0,0.0,1.0
BeltL,0.8361990950226245,0.0,0.0,0.0,0.0,0.0,0.004524886877828055,0.0,0.0906787330316742,0.0,0.0,0.0,0.0,0.0,0.0,0.046877828054298645,0.021538461538461538,0.0,0.0,0.0,0.0,0.0,0.0,0.00018099547511312217,0.0,0.0,0.0,0.0,0.0,0.0,0.0,1.0
PBR,0.9032012195121951,0.0,0.0,0.0,0.0,0.0,0.0,0.0,0.056402439024390245,0.0,0.0,0.0,0.0,0.0,0.0,0.040396341463414635,0.0,0.0,0.0,0.0,0.0,0.0,0.0,0.0,0.0,0.0,0.0,0.0,0.0,0.0,0.0,1.0
PBC,0.9794705564559697,0.0,0.0,0.0,0.0,0.0,0.0,0.0,0.020529443544030253,0.0,0.0,0.0,0.0,0.0,0.0,0.0,0.0,0.0,0.0,0.0,0.0,0.0,0.0,0.0,0.0,0.0,0.0,0.0,0.0,0.0,0.0,1.0
STR,0.6825063078216989,0.0,0.0,0.0,0.0,0.0,0.0,0.0,0.12867956265769553,0.0,0.0,0.0,0.0,0.0,0.0,0.15180824222035325,0.00042052144659377626,0.0,0.0,0.036585365853658534,0.0,0.0,0.0,0.0,0.0,0.0,0.0,0.0,0.0,0.0,0.0,1.0
AI,0.21464646464646464,0.0,0.0,0.0,0.0,0.0,0.0,0.0,0.06691919191919192,0.0,0.0,0.0,0.0,0.0,0.0,0.3484848484848485,0.010101010101010102,0.0,0.0,0.0,0.0,0.0,0.0,0.35984848484848486,0.0,0.0,0.0,0.0,0.0,0.0,0.0,1.0
DI,0.10021171489061398,0.0,0.0,0.0,0.0,0.0,0.0,0.0,0.3796753705010586,0.0,0.0,0.0,0.0,0.0,0.0,0.04234297812279464,0.045871559633027525,0.0,0.0,0.0,0.0,0.0,0.0,0.4318983768525053,0.0,0.0,0.0,0.0,0.0,0.0,0.0,1.0
GI,0.2777777777777778,0.0,0.0,0.0,0.03392330383480826,0.0,0.0,0.0,0.37413962635201575,0.0,0.0,0.0,0.0,0.0,0.0,0.0,0.1071779744346116,0.0,0.0,0.0,0.0,0.0,0.0,0.20698131760078664,0.0,0.0,0.0,0.0,0.0,0.0,0.0,1.0
ReI,0.3977272727272727,0.0,0.0,0.0,0.0,0.0,0.0,0.0,0.6022727272727273,0.0,0.0,0.0,0.0,0.0,0.0,0.0,0.0,0.0,0.0,0.0,0.0,0.0,0.0,0.0,0.0,0.0,0.0,0.0,0.0,0.0,0.0,1.0
PalR,0.46888646288209607,0.0,0.0,0.0,0.0,0.0,0.0,0.0,0.3215065502183406,0.0,0.0,0.0,0.008733624454148471,0.0,0.0,0.16648471615720525,0.0,0.0,0.0,0.0005458515283842794,0.0,0.0,0.0,0.028930131004366814,0.0049126637554585155,0.0,0.0,0.0,0.0,0.0,0.0,0.9999999999999999
PalC,0.4107744107744108,0.0,0.0,0.0,0.0,0.0,0.0,0.0,0.47895622895622897,0.0,0.0,0.0,0.0,0.0,0.0,0.004208754208754209,0.0,0.0,0.0,0.0,0.0,0.0,0.0,0.10606060606060606,0.0,0.0,0.0,0.0,0.0,0.0,0.0,1.0
Tpt,0.7715404699738904,0.0,0.0,0.0,0.0,0.0,0.07245430809399478,0.0,0.15600522193211488,0.0,0.0,0.0,0.0,0.0,0.0,0.0,0.0,0.0,0.0,0.0,0.0,0.0,0.0,0.0,0.0,0.0,0.0,0.0,0.0,0.0,0.0,1.0
TPOR,0.7895041481767316,0.0,0.0,0.0,0.0,0.0,0.0,0.0,0.08045533474821531,0.006174030484275516,0.0,0.0,0.003279953694771368,0.0,0.0,0.0,0.0,0.0,0.0,0.0,0.0,0.0,0.09994211846420992,0.02064441443179626,0.0,0.0,0.0,0.0,0.0,0.0,0.0,1.0
TPOC,0.9621016365202412,0.0,0.0,0.0,0.0,0.0,0.0,0.0,0.015073212747631352,0.005598621877691645,0.0,0.0,0.0,0.0,0.0,0.0,0.0,0.0,0.0,0.0,0.0,0.0,0.017226528854435832,0.0,0.0,0.0,0.0,0.0,0.0,0.0,0.0,1.0
FSTR,0.9981167608286252,0.0,0.0,0.0,0.0,0.0,0.0,0.0,0.0,0.0,0.0,0.00047080979284369113,0.0,0.0,0.0,0.0,0.0,0.0,0.0,0.0,0.0,0.0,0.0014124293785310734,0.0,0.0,0.0,0.0,0.0,0.0,0.0,0.0,0.9999999999999999
FSTC,0.9810074318744839,0.0,0.0,0.0,0.0,0.0,0.0,0.0,0.0,0.018166804293971925,0.0,0.0,0.0,0.0008257638315441783,0.0,0.0,0.0,0.0,0.0,0.0,0.0,0.0,0.0,0.0,0.0,0.0,0.0,0.0,0.0,0.0,0.0,1.0
TEa,0.7171589055988403,0.0,0.0,0.0,0.0,0.0,0.0,0.0,0.019749954701938757,0.025910491030983872,0.000905961224859576,0.11849972821163254,0.04040587062873709,0.0,0.0,0.0,0.0,0.0,0.0,0.0,0.0,0.0,0.07736908860300779,0.0,0.0,0.0,0.0,0.0,0.0,0.0,0.0,0.9999999999999999
TEb,0.539448966812774,0.0,0.0,0.0,0.0,0.0,0.0,0.0,0.012523481527864746,0.1696931747025673,0.052598622417031934,0.10488415779586725,0.1208515967438948,0.0,0.0,0.0,0.0,0.0,0.0,0.0,0.0,0.0,0.0,0.0,0.0,0.0,0.0,0.0,0.0,0.0,0.0,1.0
TEc,0.8965041398344066,0.0,0.0,0.0,0.0,0.0,0.0,0.0,0.0,0.0,0.0671573137074517,0.03633854645814168,0.0,0.0,0.0,0.0,0.0,0.0,0.0,0.0,0.0,0.0,0.0,0.0,0.0,0.0,0.0,0.0,0.0,0.0,0.0,1.0
TEd,0.6270880361173815,0.0,0.0,0.0,0.0,0.0,0.0,0.0,0.0,0.08239277652370203,0.2665914221218962,0.0,0.0,0.023927765237020317,0.0,0.0,0.0,0.0,0.0,0.0,0.0,0.0,0.0,0.0,0.0,0.0,0.0,0.0,0.0,0.0,0.0,1.0
TEe,0.8461169702780441,0.0,0.0,0.0,0.0,0.0,0.0,0.0,0.0,0.01821668264621285,0.030680728667305847,0.0,0.0,0.1049856184084372,0.0,0.0,0.0,0.0,0.0,0.0,0.0,0.0,0.0,0.0,0.0,0.0,0.0,0.0,0.0,0.0,0.0,1.0
TEf,0.7327586206896551,0.0,0.0,0.0,0.0,0.0,0.0,0.0,0.0,0.001989389920424403,0.0,0.0,0.0,0.1856763925729443,0.0,0.0,0.0,0.0,0.0,0.0,0.0,0.0,0.0,0.0,0.0,0.0,0.0,0.0,0.0,0.0,0.07957559681697612,1.0
TPPro,0.20880149812734083,0.0,0.0,0.0,0.0,0.0,0.0,0.0,0.39325842696629215,0.09082397003745318,0.0,0.0,0.23876404494382023,0.0,0.0,0.060861423220973786,0.0,0.0,0.0,0.0056179775280898875,0.0,0.0,0.0018726591760299626,0.0,0.0,0.0,0.0,0.0,0.0,0.0,0.0,1.0
PrhR,0.37579617834394907,0.0,0.0,0.0,0.0,0.0,0.0,0.0,0.0,0.03821656050955414,0.5254777070063694,0.05732484076433121,0.0031847133757961785,0.0,0.0,0.0,0.0,0.0,0.0,0.0,0.0,0.0,0.0,0.0,0.0,0.0,0.0,0.0,0.0,0.0,0.0,1.0
PrhC,0.6846789574062301,0.0,0.0,0.0,0.0,0.0,0.0,0.0,0.0,0.0,0.31532104259376986,0.0,0.0,0.0,0.0,0.0,0.0,0.0,0.0,0.0,0.0,0.0,0.0,0.0,0.0,0.0,0.0,0.0,0.0,0.0,0.0,1.0
Enta,0.5881006864988558,0.0,0.0,0.0,0.0,0.0,0.0,0.0,0.0,0.0,0.4083033671134358,0.0035959463877084014,0.0,0.0,0.0,0.0,0.0,0.0,0.0,0.0,0.0,0.0,0.0,0.0,0.0,0.0,0.0,0.0,0.0,0.0,0.0,1.0
Entb,0.5847362514029181,0.0,0.0,0.0,0.0,0.0,0.0,0.0,0.0,0.0,0.31874298540965207,0.04713804713804714,0.04938271604938271,0.0,0.0,0.0,0.0,0.0,0.0,0.0,0.0,0.0,0.0,0.0,0.0,0.0,0.0,0.0,0.0,0.0,0.0,1.0
PHGa,0.6792763157894737,0.0,0.0,0.0,0.0,0.0,0.0,0.0,0.0,0.0,0.2713815789473684,0.003289473684210526,0.0,0.02631578947368421,0.0,0.0,0.0,0.0,0.0,0.0,0.0,0.0,0.0,0.0,0.0,0.0,0.0,0.0,0.0,0.0,0.019736842105263157,1.0
PHGb,0.6216037110669318,0.0,0.0,0.0,0.0,0.0,0.0,0.0,0.0,0.032803180914512925,0.34393638170974156,0.0016567263088137839,0.0,0.0,0.0,0.0,0.0,0.0,0.0,0.0,0.0,0.0,0.0,0.0,0.0,0.0,0.0,0.0,0.0,0.0,0.0,1.0
PHGc,0.4599411980889379,0.0,0.0,0.0,0.0,0.0,0.0,0.0,0.0,0.07313487688349872,0.2228959941198089,0.0017456817346563763,0.0,0.03895626607864756,0.0,0.0,0.0,0.0,0.0,0.0,0.0,0.0,0.0,0.0,0.0,0.0,0.0,0.0,0.0,0.0,0.20332598309445057,1.0
Pri,0.2840909090909091,0.0,0.0,0.0,0.0,0.0,0.0,0.0,0.0,0.056818181818181816,0.0,0.022727272727272728,0.4659090909090909,0.0,0.0,0.1590909090909091,0.0,0.0,0.0,0.011363636363636364,0.0,0.0,0.0,0.0,0.0,0.0,0.0,0.0,0.0,0.0,0.0,1.0
SB,0.6847545219638242,0.0,0.0,0.0,0.0,0.0,0.0,0.0,0.0,0.0006459948320413437,0.2222222222222222,0.08850129198966408,0.0,0.0012919896640826874,0.0,0.0,0.0,0.0,0.0,0.0,0.0,0.0,0.0,0.0,0.0,0.0,0.0,0.0,0.0,0.0,0.002583979328165375,0.9999999999999999
PEa,0.35002478929102626,0.0,0.0,0.0,0.0,0.3594447198810114,0.1427863163113535,0.14328210213187903,0.0,0.0,0.0,0.0,0.0,0.0,0.00421417947446703,0.0,0.0,0.0,0.0,0.0,0.0,0.00024789291026276647,0.0,0.0,0.0,0.0,0.0,0.0,0.0,0.0,0.0,1.0
PEb,0.5173237753882916,0.0,0.0,0.0,0.0,0.25268817204301075,0.22580645161290322,0.004181600955794504,0.0,0.0,0.0,0.0,0.0,0.0,0.0,0.0,0.0,0.0,0.0,0.0,0.0,0.0,0.0,0.0,0.0,0.0,0.0,0.0,0.0,0.0,0.0,1.0
PF-PFGa,0.6421207658321061,0.0,0.0,0.0,0.0,0.12665684830633284,0.23122238586156113,0.0,0.0,0.0,0.0,0.0,0.0,0.0,0.0,0.0,0.0,0.0,0.0,0.0,0.0,0.0,0.0,0.0,0.0,0.0,0.0,0.0,0.0,0.0,0.0,1.0
PF-PFGb,0.7116195063214931,0.0,0.0,0.0,0.0,0.0,0.2847682119205298,0.0,0.003612281757977122,0.0,0.0,0.0,0.0,0.0,0.0,0.0,0.0,0.0,0.0,0.0,0.0,0.0,0.0,0.0,0.0,0.0,0.0,0.0,0.0,0.0,0.0,1.0
PGa,0.79627539503386,0.0,0.0,0.0,0.0,0.0,0.1873589164785553,0.0,0.01636568848758465,0.0,0.0,0.0,0.0,0.0,0.0,0.0,0.0,0.0,0.0,0.0,0.0,0.0,0.0,0.0,0.0,0.0,0.0,0.0,0.0,0.0,0.0,1.0
PGb,0.9852051109616677,0.0,0.0,0.0,0.0,0.0,0.007397444519166106,0.0,0.007397444519166106,0.0,0.0,0.0,0.0,0.0,0.0,0.0,0.0,0.0,0.0,0.0,0.0,0.0,0.0,0.0,0.0,0.0,0.0,0.0,0.0,0.0,0.0,1.0
Opta,0.9481774264382961,0.0,0.0,0.0,0.0,0.0,0.04391743522178305,0.0,0.0,0.0,0.0,0.0,0.0,0.007905138339920948,0.0,0.0,0.0,0.0,0.0,0.0,0.0,0.0,0.0,0.0,0.0,0.0,0.0,0.0,0.0,0.0,0.0,1.0
Optb,0.9929411764705882,0.0,0.0,0.0,0.0,0.0,0.0,0.0,0.0,0.0,0.0,0.0,0.0,0.007058823529411765,0.0,0.0,0.0,0.0,0.0,0.0,0.0,0.0,0.0,0.0,0.0,0.0,0.0,0.0,0.0,0.0,0.0,1.0
IPa,0.6428571428571429,0.0,0.0,0.0,0.0,0.08116883116883117,0.275974025974026,0.0,0.0,0.0,0.0,0.0,0.0,0.0,0.0,0.0,0.0,0.0,0.0,0.0,0.0,0.0,0.0,0.0,0.0,0.0,0.0,0.0,0.0,0.0,0.0,1.0
IPb,0.6140939597315436,0.0,0.0,0.0,0.0,0.13674496644295303,0.21644295302013422,0.0,0.0,0.0,0.0,0.0,0.0,0.0,0.03271812080536913,0.0,0.0,0.0,0.0,0.0,0.0,0.0,0.0,0.0,0.0,0.0,0.0,0.0,0.0,0.0,0.0,1.0
IPc,0.7380861608844834,0.0,0.0,0.0,0.0,0.025543271063667557,0.18147159740754862,0.0,0.0,0.0,0.0,0.0,0.0,0.006099885627144491,0.04879908501715593,0.0,0.0,0.0,0.0,0.0,0.0,0.0,0.0,0.0,0.0,0.0,0.0,0.0,0.0,0.0,0.0,1.0
IPd,0.7909270216962525,0.0,0.0,0.0,0.0,0.0,0.0,0.0,0.0,0.0,0.0,0.0,0.0,0.20512820512820512,0.0039447731755424065,0.0,0.0,0.0,0.0,0.0,0.0,0.0,0.0,0.0,0.0,0.0,0.0,0.0,0.0,0.0,0.0,1.0
A23a,0.3910913140311804,0.0,0.0,0.0,0.0,0.0,0.0,0.09175946547884187,0.0,0.0,0.0,0.0,0.0,0.0,0.042316258351893093,0.0,0.0,0.0,0.0,0.0,0.0,0.4748329621380846,0.0,0.0,0.0,0.0,0.0,0.0,0.0,0.0,0.0,1.0
A23b,0.5520977408944214,0.0,0.0,0.0,0.011756569847856155,0.012909174734900875,0.0,0.16505301982480405,0.0,0.0,0.0,0.0,0.0,0.0,0.0,0.0,0.0,0.0,0.0,0.0,0.0,0.25818349469801755,0.0,0.0,0.0,0.0,0.0,0.0,0.0,0.0,0.0,1.0
A23V,0.43064729194187584,0.0,0.0,0.0,0.0,0.0,0.0,0.0,0.0,0.0,0.0,0.0,0.0,0.0,0.4795244385733157,0.0,0.0,0.0,0.0,0.0,0.0,0.062087186261558784,0.0,0.0,0.0,0.0,0.0,0.0,0.0,0.0,0.02774108322324967,1.0
A29M,0.7583135391923991,0.0,0.0,0.0,0.0,0.0,0.0,0.045724465558194774,0.0,0.0,0.0,0.0,0.0,0.0,0.039192399049881234,0.0,0.0,0.0,0.0,0.0,0.0,0.1490498812351544,0.0011876484560570072,0.0,0.0,0.0,0.0,0.0,0.0,0.0,0.006532066508313539,1.0
A30,0.6150110375275938,0.0,0.0,0.0,0.0,0.0,0.0,0.11567328918322296,0.0,0.0,0.0,0.0,0.0,0.0,0.051655629139072845,0.0,0.0,0.0,0.0,0.0,0.0,0.2119205298013245,0.0,0.0,0.0,0.0,0.0,0.0,0.0,0.0,0.005739514348785872,0.9999999999999999
A29V,0.5,0.0,0.0,0.0,0.0,0.0,0.0,0.0,0.0,0.0,0.0,0.0,0.0,0.008953168044077135,0.3367768595041322,0.0,0.0,0.0,0.0,0.0,0.0,0.08195592286501377,0.0,0.0,0.0,0.0,0.0,0.0,0.0,0.0,0.07231404958677685,1.0
A31,0.1301913205786281,0.0,0.0,0.0,0.0,0.6584227718152124,0.01773215118992067,0.1843210452636491,0.0,0.0,0.0,0.0,0.0,0.0,0.009332711152589827,0.0,0.0,0.0,0.0,0.0,0.0,0.0,0.0,0.0,0.0,0.0,0.0,0.0,0.0,0.0,0.0,1.0
PGMa,0.5881470367591898,0.0,0.0,0.0,0.0,0.005251312828207052,0.0,0.01350337584396099,0.0,0.0,0.0,0.0,0.0,0.0,0.35783945986496624,0.0,0.0,0.0,0.0,0.0,0.0,0.035258814703675916,0.0,0.0,0.0,0.0,0.0,0.0,0.0,0.0,0.0,1.0
PGMb,0.5069252077562327,0.0,0.0,0.0,0.0,0.12396121883656509,0.02008310249307479,0.006232686980609419,0.0,0.0,0.0,0.0,0.0,0.0,0.342797783933518,0.0,0.0,0.0,0.0,0.0,0.0,0.0,0.0,0.0,0.0,0.0,0.0,0.0,0.0,0.0,0.0,1.0
ProSt,0.6650602409638554,0.0,0.0,0.0,0.0,0.0,0.0,0.0,0.0,0.0,0.0,0.0,0.0,0.13012048192771083,0.20481927710843373,0.0,0.0,0.0,0.0,0.0,0.0,0.0,0.0,0.0,0.0,0.0,0.0,0.0,0.0,0.0,0.0,1.0
V1a,0.7042281090956545,0.0,0.0,0.0,0.0,0.0,0.0,0.0,0.0,0.0,0.0,0.0,0.0,0.19669189612423332,0.08221323241550307,0.0,0.0,0.0,0.0,0.0,0.0,0.0,0.0,0.0,0.0,0.0,0.0,0.0,0.0,0.0,0.01686676236460916,1.0
V1b,0.3570739106453392,0.0,0.0,0.0,0.0,0.0,0.0,0.0,0.0003102592388306674,0.0,0.0,0.0,0.0,0.30595008273579705,0.3366657473800331,0.0,0.0,0.0,0.0,0.0,0.0,0.0,0.0,0.0,0.0,0.0,0.0,0.0,0.0,0.0,0.0,1.0
V2M,0.45126353790613716,0.0,0.0,0.0,0.0,0.0,0.0,0.0,0.0,0.0,0.0,0.0,0.0,0.13780654798954314,0.35018050541516244,0.0,0.0,0.0,0.0,0.0,0.0,0.0,0.0,0.0,0.0,0.0,0.0,0.0,0.0,0.0,0.06074940868915723,1.0
V2L,0.7908172635445363,0.0,0.0,0.0,0.0,0.0,0.0,0.0,0.0,0.0,0.0,0.0,0.0,0.1884297520661157,0.020752984389348025,0.0,0.0,0.0,0.0,0.0,0.0,0.0,0.0,0.0,0.0,0.0,0.0,0.0,0.0,0.0,0.0,1.0
V2V,0.46393596986817326,0.0,0.0,0.0,0.0,0.0,0.0,0.0,0.0,0.0,0.0,0.0,0.0,0.27109227871939734,0.05951035781544256,0.0,0.0,0.0,0.0,0.0,0.0,0.0,0.0,0.0,0.0,0.0,0.0,0.0,0.0,0.0,0.2054613935969868,0.9999999999999999
V3D,0.7880307589434972,0.0,0.0,0.0,0.0,0.0,0.010698762955533266,0.0,0.0,0.0,0.0,0.0,0.0,0.12470745570043464,0.07656302240053493,0.0,0.0,0.0,0.0,0.0,0.0,0.0,0.0,0.0,0.0,0.0,0.0,0.0,0.0,0.0,0.0,1.0
V3L,0.8786260900516106,0.0,0.0,0.0,0.0,0.0,0.0,0.0,0.0,0.0,0.0,0.0,0.0,0.015661149670759923,0.10571276027762948,0.0,0.0,0.0,0.0,0.0,0.0,0.0,0.0,0.0,0.0,0.0,0.0,0.0,0.0,0.0,0.0,1.0
V3V,0.40384615384615385,0.0,0.0,0.0,0.0,0.0,0.0,0.0,0.0,0.09446465696465696,0.013123700623700624,0.0,0.0,0.25935550935550933,0.0,0.0,0.0,0.0,0.0,0.0,0.0,0.0,0.0,0.0,0.0,0.0,0.0,0.0,0.0,0.0,0.2292099792099792,1.0
V4L,0.939071986123157,0.0,0.0,0.0,0.0,0.0,0.0,0.0,0.0,0.0,0.0,0.0,0.0,0.0,0.06092801387684302,0.0,0.0,0.0,0.0,0.0,0.0,0.0,0.0,0.0,0.0,0.0,0.0,0.0,0.0,0.0,0.0,1.0
V4V,0.5593929879644165,0.0,0.0,0.0,0.0,0.0,0.0,0.0,0.0,0.0695970695970696,0.0,0.0,0.0,0.23233908948194662,0.0,0.0,0.0,0.0,0.0,0.0,0.0,0.0,0.0,0.0,0.0,0.0,0.0,0.0,0.0,0.0,0.13867085295656725,0.9999999999999999
V5R,1.0,0.0,0.0,0.0,0.0,0.0,0.0,0.0,0.0,0.0,0.0,0.0,0.0,0.0,0.0,0.0,0.0,0.0,0.0,0.0,0.0,0.0,0.0,0.0,0.0,0.0,0.0,0.0,0.0,0.0,0.0,1.0
V5C,0.9670402109426499,0.0,0.0,0.0,0.0,0.0,0.0,0.0,0.0,0.0,0.0,0.0,0.0,0.0,0.03295978905735003,0.0,0.0,0.0,0.0,0.0,0.0,0.0,0.0,0.0,0.0,0.0,0.0,0.0,0.0,0.0,0.0,1.0
V6R,0.4944224541201871,0.0,0.0,0.0,0.0,0.09607772580064772,0.11227060093558834,0.0003598416696653472,0.0,0.0,0.0,0.0,0.0,0.02482907520690896,0.27204030226700254,0.0,0.0,0.0,0.0,0.0,0.0,0.0,0.0,0.0,0.0,0.0,0.0,0.0,0.0,0.0,0.0,1.0
V6M,0.7670815341630683,0.0,0.0,0.0,0.0,0.0,0.0,0.0,0.0,0.0,0.0,0.0,0.0,0.14198628397256793,0.09093218186436373,0.0,0.0,0.0,0.0,0.0,0.0,0.0,0.0,0.0,0.0,0.0,0.0,0.0,0.0,0.0,0.0,1.0
V6D,0.41845878136200715,0.0,0.0,0.0,0.0,0.0014934289127837516,0.0,0.0,0.0,0.0,0.0,0.0,0.0,0.2968936678614098,0.2831541218637993,0.0,0.0,0.0,0.0,0.0,0.0,0.0,0.0,0.0,0.0,0.0,0.0,0.0,0.0,0.0,0.0,1.0
A19DI,0.8678977272727273,0.0,0.0,0.0,0.0,0.0,0.0,0.0,0.0,0.0,0.0,0.0,0.0,0.13210227272727273,0.0,0.0,0.0,0.0,0.0,0.0,0.0,0.0,0.0,0.0,0.0,0.0,0.0,0.0,0.0,0.0,0.0,1.0
A19M,0.6354166666666666,0.0,0.0,0.0,0.0,0.0,0.0011574074074074073,0.0,0.0,0.0,0.0,0.0,0.0,0.006712962962962963,0.35625,0.0,0.0,0.0,0.0,0.0,0.0,0.000462962962962963,0.0,0.0,0.0,0.0,0.0,0.0,0.0,0.0,0.0,1.0
MST,1.0,0.0,0.0,0.0,0.0,0.0,0.0,0.0,0.0,0.0,0.0,0.0,0.0,0.0,0.0,0.0,0.0,0.0,0.0,0.0,0.0,0.0,0.0,0.0,0.0,0.0,0.0,0.0,0.0,0.0,0.0,1.0
HipF,0.5305140683559881,0.0,0.0,0.0,0.0,0.0,0.0,0.0,0.0003356267830172848,0.03585612798567992,0.13027912960787605,0.19958606030094536,0.015382894221625552,0.034457683056441236,0.02002573138669799,0.0,0.0,0.0,0.0,0.0,0.0,0.0028528276556469205,0.028136711976282373,0.0,0.0,0.0,0.002013760698103709,0.0,0.0,0.0,0.0005593779716954746,1.0
Amy,0.427731725697061,0.0,0.0,0.0,0.0,0.0,0.0,0.0,0.004220045214770159,0.06284853051996986,0.012207987942727958,0.16292388847023362,0.2886209495101733,0.0,0.0,0.0,0.0,0.0,0.0,0.000452147701582517,0.0,0.0,0.03843255463451394,0.002562170308967596,0.0,0.0,0.0,0.0,0.0,0.0,0.0,1.0
Thal,0.5267984511921745,0.0,0.0,0.0,0.0,0.0,0.0,0.0,0.0,0.0,0.0002037905033625433,0.010749949052374159,0.0,0.0,0.0014265335235378032,0.0,0.0,0.0,0.0,0.0,0.0,0.010393315671489708,0.020837578968820054,0.0,0.0,0.0002037905033625433,0.0,0.42938659058487877,0.0,0.0,0.0,1.0
ZI,0.3870967741935484,0.0,0.0,0.0,0.0,0.0,0.0,0.0,0.0,0.0,0.0,0.0,0.0,0.0,0.0,0.0,0.0,0.0,0.0,0.0,0.0,0.0,0.0,0.0,0.0,0.0,0.0,0.6129032258064516,0.0,0.0,0.0,1.0
Sth,,,,,,,,,,,,,,,,,,,,,,,,,,,,,,,,0.0
MGN,0.7045203969128997,0.0,0.0,0.0,0.0,0.0,0.0,0.0,0.0,0.0,0.0,0.19073869900771775,0.0,0.0,0.0,0.0,0.0,0.0,0.0,0.0,0.0,0.0,0.019845644983461964,0.0,0.0,0.0,0.0,0.08489525909592062,0.0,0.0,0.0,1.0
LGN,0.768915223336372,0.0,0.0,0.0,0.0,0.0,0.0,0.0,0.0,0.0,0.0,0.03691886964448496,0.0,0.0,0.0,0.0,0.0,0.0,0.0,0.0,0.0,0.0,0.0068368277119416595,0.0,0.0,0.0,0.0,0.18732907930720147,0.0,0.0,0.0,1.0
Cd,0.7137755654149984,0.0,0.0,0.0,0.0,0.0,0.0,0.0,0.0,0.02683692241099448,0.0,0.05908451466291527,0.00010821339681852613,0.0,0.0,0.0,0.0,0.0,0.0,0.0,0.0,0.004869602856833676,0.18396277459149443,0.005627096634563359,0.0,0.0,0.0,0.005735310031381885,0.0,0.0,0.0,1.0
Pu,0.5284813753581662,0.0,0.0,0.0,0.001146131805157593,0.0,0.0008022922636103152,0.0,0.04997134670487106,0.002521489971346705,0.0,0.00022922636103151864,0.0,0.0,0.0,0.012836676217765044,0.09650429799426934,0.0,0.0,0.0,0.0,0.0,0.010544412607449857,0.21650429799426935,0.0003438395415472779,0.04515759312320917,0.0,0.03495702005730659,0.0,0.0,0.0,1.0
Acb,0.5539377895433488,0.0,0.0,0.0,0.0,0.0,0.0,0.0,0.0,0.0,0.0,0.0,0.050959629384513566,0.0,0.0,0.0,0.0,0.0,0.0,0.0,0.0,0.0,0.0671740569159497,0.18100595632031766,0.08702845797485109,0.003970880211780278,0.0,0.0,0.05592322964923892,0.0,0.0,1.0000000000000002
Cl,0.5958254269449715,0.0,0.0,0.0,0.0,0.0,0.0,0.0,0.18975332068311196,0.0,0.0,0.0,0.05313092979127135,0.0,0.0,0.10056925996204934,0.0,0.0,0.0,0.026565464895635674,0.0,0.0,0.03415559772296015,0.0,0.0,0.0,0.0,0.0,0.0,0.0,0.0,1.0
Hypo,0.722735674676525,0.0,0.0,0.0,0.0,0.0,0.0,0.0,0.0,0.0,0.0,0.007624768946395564,0.04782809611829945,0.0,0.0,0.0,0.0,0.0,0.0,0.0,0.0,0.0,0.0002310536044362292,0.0,0.0018484288354898336,0.012476894639556377,0.0002310536044362292,0.0006931608133086876,0.20633086876155268,0.0,0.0,1.0
Sep,0.9086021505376344,0.0,0.0,0.0,0.0,0.0,0.0,0.0,0.0,0.0,0.0,0.0,0.0,0.0,0.0,0.0,0.0,0.0,0.0,0.0,0.0,0.0,0.0913978494623656,0.0,0.0,0.0,0.0,0.0,0.0,0.0,0.0,1.0
GP,0.5592678675188844,0.0,0.0,0.0,0.0,0.0,0.0,0.0,0.0,0.0,0.0,0.0,0.0,0.0,0.0,0.0,0.0,0.0,0.0,0.0,0.0,0.0,0.0,0.2696106914584544,0.0,0.062463683904706566,0.0,0.10865775711795468,0.0,0.0,0.0,1.0
IC,0.20100502512562815,0.0,0.0,0.0,0.0,0.0,0.0,0.0,0.0,0.0,0.0,0.0,0.0,0.23115577889447236,0.0,0.0,0.0,0.0,0.0,0.0,0.0,0.0,0.0,0.0,0.0,0.0,0.0,0.0,0.0,0.0,0.5678391959798995,1.0
SC,0.2710382513661202,0.0,0.0,0.0,0.0,0.0,0.0,0.0,0.0,0.0,0.0,0.0273224043715847,0.0,0.053551912568306013,0.13989071038251366,0.0,0.0,0.0,0.0,0.0,0.0,0.1092896174863388,0.0,0.0,0.0,0.0,0.0,0.0,0.0,0.0,0.3989071038251366,1.0
SNR,0.8011988011988012,0.0,0.0,0.0,0.0,0.0,0.0,0.0,0.0,0.0,0.0,0.17182817182817184,0.0,0.0,0.0,0.0,0.0,0.0,0.0,0.0,0.0,0.0,0.0,0.0,0.0,0.0,0.0,0.026973026973026972,0.0,0.0,0.0,0.9999999999999999
PAG,,,,,,,,,,,,,,,,,,,,,,,,,,,,,,,,0.0
HB,0.546875,0.0,0.0,0.0,0.0,0.0,0.0,0.0,0.0,0.0,0.0,0.0,0.0,0.0,0.0,0.0,0.0,0.0,0.0,0.0,0.0,0.0,0.0,0.0,0.0,0.0,0.0,0.453125,0.0,0.0,0.0,1.0
CeB,0.5635593907641401,0.0,0.0,0.0,0.0,0.0,0.0,0.0,0.0,0.0004379491005823101,9.732202235162447e-05,0.0,0.0,0.12917876433472286,0.005823101004038864,0.0,0.0,0.0,0.0,0.0,0.0,8.110168529302039e-05,0.0,0.0,0.0,0.0,0.0,0.0,0.0,0.0,0.3008223710888712,0.9999999999999999
